sale_id,sale_date,sale_price_sar,discount_pct,payment_method,bank_name,buyer_city,unit_id,unit_no,unit_type,bedrooms,bathrooms,area_sqm,floor,view,parking_spaces,list_price_sar,project_id,project_name,city
464,2023-09-02,1564000.0,1.14,bank_financing,Bank AlBilad,Dammam,RWB0260,RWB-08260,duplex,5,5,295.0,8,street,2,1582000.0,RWB,Al Rawabi District,Dammam
467,2023-09-02,1933000.0,3.93,cash,,Riyadh,RWB0183,RWB-183,villa,5,5,370.0,,city,2,2012000.0,RWB,Al Rawabi District,Dammam
465,2023-09-03,2111000.0,3.25,bank_financing,Riyad Bank,Dammam,RWB0248,RWB-248,villa,5,5,405.0,,city,2,2182000.0,RWB,Al Rawabi District,Dammam
457,2023-09-08,2617000.0,1.88,bank_financing,Banque Saudi Fransi,Dammam,RWB0253,RWB-253,villa,6,6,485.0,,city,2,2667000.0,RWB,Al Rawabi District,Dammam
460,2023-09-09,1847000.0,1.34,cash,,Jeddah,RWB0014,RWB-014,villa,4,4,330.0,,city,2,1872000.0,RWB,Al Rawabi District,Dammam
459,2023-09-11,1671000.0,2.93,bank_financing,Al Rajhi Bank,Dammam,RWB0182,RWB-22182,duplex,5,5,295.0,22,park,2,1721000.0,RWB,Al Rawabi District,Dammam
466,2023-09-15,1550000.0,2.11,cash,,Dammam,RWB0043,RWB-05043,duplex,4,4,315.0,5,street,2,1583000.0,RWB,Al Rawabi District,Dammam
458,2023-09-16,1540000.0,4.08,bank_financing,Bank AlBilad,Dammam,RWB0246,RWB-15246,duplex,4,4,290.0,15,garden,2,1606000.0,RWB,Al Rawabi District,Dammam
456,2023-09-20,2000000.0,0.0,bank_financing,Riyad Bank,Riyadh,RWB0065,RWB-065,villa,4,4,350.0,,park,2,2000000.0,RWB,Al Rawabi District,Dammam
468,2023-09-21,1796000.0,1.55,bank_financing,Al Rajhi Bank,Dammam,RWB0075,RWB-13075,duplex,5,5,335.0,13,park,2,1824000.0,RWB,Al Rawabi District,Dammam
461,2023-09-25,2842000.0,2.9,bank_financing,Al Rajhi Bank,Dammam,RWB0238,RWB-238,villa,4,4,515.0,,street,2,2927000.0,RWB,Al Rawabi District,Dammam
463,2023-09-25,2276000.0,3.52,cash,,Riyadh,RWB0161,RWB-161,villa,4,4,395.0,,park,2,2359000.0,RWB,Al Rawabi District,Dammam
462,2023-09-26,1354000.0,1.14,cash,,Dammam,RWB0105,RWB-07105,duplex,5,5,255.0,7,garden,2,1370000.0,RWB,Al Rawabi District,Dammam
477,2023-10-03,1441000.0,0.59,bank_financing,Banque Saudi Fransi,Dammam,RWB0081,RWB-12081,duplex,5,5,265.0,12,garden,2,1442000.0,RWB,Al Rawabi District,Dammam
476,2023-10-04,2467000.0,4.76,bank_financing,Bank AlBilad,Dammam,RWB0216,RWB-216,villa,5,5,470.0,,street,2,2577000.0,RWB,Al Rawabi District,Dammam
469,2023-10-08,2707000.0,1.38,bank_financing,Saudi National Bank,Jeddah,RWB0062,RWB-062,villa,5,5,450.0,,city,2,2731000.0,RWB,Al Rawabi District,Dammam
471,2023-10-09,1374000.0,2.98,bank_financing,Al Rajhi Bank,Dammam,RWB0035,RWB-23035,duplex,4,4,245.0,23,city,2,1409000.0,RWB,Al Rawabi District,Dammam
475,2023-10-17,2365000.0,2.57,cash,,Dammam,RWB0074,RWB-074,villa,5,5,435.0,,garden,2,2415000.0,RWB,Al Rawabi District,Dammam
472,2023-10-21,1937000.0,0.82,bank_financing,Riyad Bank,Dammam,RWB0202,RWB-202,villa,5,5,360.0,,park,2,1943000.0,RWB,Al Rawabi District,Dammam
474,2023-10-22,2700000.0,3.59,bank_financing,Banque Saudi Fransi,Dammam,RWB0170,RWB-170,villa,5,5,465.0,,garden,2,2787000.0,RWB,Al Rawabi District,Dammam
470,2023-10-24,2057000.0,1.44,bank_financing,Bank AlBilad,Riyadh,RWB0003,RWB-17003,duplex,5,5,340.0,17,park,2,2077000.0,RWB,Al Rawabi District,Dammam
473,2023-10-26,1606000.0,2.81,bank_financing,Riyad Bank,Dammam,RWB0210,RWB-23210,duplex,5,5,290.0,23,city,2,1644000.0,RWB,Al Rawabi District,Dammam
481,2023-11-01,2786000.0,1.54,bank_financing,Riyad Bank,Dammam,RWB0193,RWB-193,villa,6,6,475.0,,park,2,2802000.0,RWB,Al Rawabi District,Dammam
482,2023-11-03,1831000.0,0.44,cash,,Jeddah,RWB0234,RWB-13234,duplex,5,5,330.0,13,city,2,1821000.0,RWB,Al Rawabi District,Dammam
478,2023-11-05,1828000.0,2.7,cash,,Riyadh,RWB0019,RWB-21019,duplex,4,4,330.0,21,city,2,1860000.0,RWB,Al Rawabi District,Dammam
479,2023-11-05,1457000.0,3.36,cash,,Jeddah,RWB0192,RWB-04192,duplex,4,4,290.0,4,street,2,1493000.0,RWB,Al Rawabi District,Dammam
486,2023-11-08,2091000.0,3.01,cash,,Dammam,RWB0215,RWB-215,villa,4,4,395.0,,city,2,2134000.0,RWB,Al Rawabi District,Dammam
485,2023-11-13,1938000.0,2.92,bank_financing,Banque Saudi Fransi,Dammam,RWB0039,RWB-039,villa,4,4,355.0,,city,2,1977000.0,RWB,Al Rawabi District,Dammam
480,2023-11-16,1875000.0,0.55,bank_financing,Banque Saudi Fransi,Dammam,RWB0050,RWB-050,villa,4,4,370.0,,city,2,1867000.0,RWB,Al Rawabi District,Dammam
484,2023-11-20,1875000.0,1.19,bank_financing,Banque Saudi Fransi,Riyadh,RWB0152,RWB-152,villa,5,5,340.0,,garden,2,1879000.0,RWB,Al Rawabi District,Dammam
483,2023-11-23,1264000.0,3.7,bank_financing,Banque Saudi Fransi,Dammam,RWB0221,RWB-14221,duplex,4,4,250.0,14,city,2,1299000.0,RWB,Al Rawabi District,Dammam
489,2023-12-02,1905000.0,1.33,cash,,Dammam,RWB0259,RWB-01259,duplex,5,5,355.0,1,street,2,1902000.0,RWB,Al Rawabi District,Dammam
488,2023-12-10,1617000.0,0.89,bank_financing,Banque Saudi Fransi,Jeddah,RWB0254,RWB-12254,duplex,4,4,280.0,12,garden,2,1607000.0,RWB,Al Rawabi District,Dammam
493,2023-12-13,2037000.0,2.41,bank_financing,Saudi National Bank,Dammam,RWB0052,RWB-052,villa,5,5,370.0,,garden,2,2056000.0,RWB,Al Rawabi District,Dammam
487,2023-12-15,1539000.0,0.47,cash,,Dammam,RWB0141,RWB-06141,duplex,5,5,295.0,6,garden,2,1523000.0,RWB,Al Rawabi District,Dammam
494,2023-12-15,2581000.0,2.11,cash,,Dammam,RWB0132,RWB-132,villa,5,5,465.0,,garden,2,2597000.0,RWB,Al Rawabi District,Dammam
491,2023-12-17,3013000.0,1.09,cash,,Dammam,RWB0145,RWB-145,villa,5,5,510.0,,city,2,3001000.0,RWB,Al Rawabi District,Dammam
490,2023-12-19,2017000.0,2.82,cash,,Dammam,RWB0230,RWB-24230,duplex,5,5,355.0,24,park,2,2045000.0,RWB,Al Rawabi District,Dammam
492,2023-12-23,1644000.0,1.71,bank_financing,Riyad Bank,Dammam,RWB0207,RWB-03207,duplex,4,4,310.0,3,garden,2,1648000.0,RWB,Al Rawabi District,Dammam
495,2024-01-08,1830000.0,1.17,bank_financing,Bank AlBilad,Dammam,RWB0110,RWB-12110,duplex,5,5,330.0,12,city,2,1815000.0,RWB,Al Rawabi District,Dammam
496,2024-01-13,2717000.0,2.49,cash,,Dammam,RWB0125,RWB-125,villa,6,6,515.0,,street,2,2731000.0,RWB,Al Rawabi District,Dammam
500,2024-01-16,1514000.0,0.59,bank_financing,Al Rajhi Bank,Riyadh,RWB0111,RWB-03111,duplex,4,4,295.0,3,city,2,1493000.0,RWB,Al Rawabi District,Dammam
499,2024-01-18,1769000.0,1.28,bank_financing,Riyad Bank,Jeddah,RWB0012,RWB-012,villa,4,4,325.0,,garden,2,1756000.0,RWB,Al Rawabi District,Dammam
498,2024-01-19,1797000.0,4.44,bank_financing,Banque Saudi Fransi,Riyadh,RWB0201,RWB-24201,duplex,5,5,325.0,24,city,2,1843000.0,RWB,Al Rawabi District,Dammam
497,2024-01-27,1395000.0,2.22,bank_financing,Al Rajhi Bank,Dammam,RWB0064,RWB-19064,duplex,4,4,265.0,19,street,2,1398000.0,RWB,Al Rawabi District,Dammam
2,2024-02-01,3446000.0,2.41,cash,,Jeddah,NRJ0082,NRJ-082,villa,6,6,475.0,,street,2,3531000.0,NRJ,Narjis Oasis,Riyadh
502,2024-02-01,1918000.0,4.08,bank_financing,Riyad Bank,Dammam,RWB0127,RWB-127,villa,5,5,350.0,,garden,2,1950000.0,RWB,Al Rawabi District,Dammam
20,2024-02-02,2117000.0,0.96,bank_financing,Al Rajhi Bank,Dammam,NRJ0227,NRJ-227,townhouse,4,3,290.0,,park,2,2138000.0,NRJ,Narjis Oasis,Riyadh
503,2024-02-02,2802000.0,0.44,bank_financing,Banque Saudi Fransi,Riyadh,RWB0089,RWB-089,villa,5,5,460.0,,park,2,2745000.0,RWB,Al Rawabi District,Dammam
504,2024-02-02,1493000.0,1.45,bank_financing,Bank AlBilad,Riyadh,RWB0047,RWB-05047,duplex,4,4,285.0,5,street,2,1478000.0,RWB,Al Rawabi District,Dammam
6,2024-02-07,1624000.0,2.72,bank_financing,Al Rajhi Bank,Jeddah,NRJ0297,NRJ-297,townhouse,3,2,260.0,,street,2,1669000.0,NRJ,Narjis Oasis,Riyadh
19,2024-02-07,2553000.0,1.55,bank_financing,Banque Saudi Fransi,Riyadh,NRJ0046,NRJ-046,villa,5,5,325.0,,garden,2,2593000.0,NRJ,Narjis Oasis,Riyadh
8,2024-02-08,1849000.0,1.99,bank_financing,Banque Saudi Fransi,Riyadh,NRJ0308,NRJ-308,townhouse,4,3,275.0,,city,2,1887000.0,NRJ,Narjis Oasis,Riyadh
16,2024-02-09,3511000.0,2.02,bank_financing,Riyad Bank,Dammam,NRJ0236,NRJ-236,villa,5,5,440.0,,park,2,3583000.0,NRJ,Narjis Oasis,Riyadh
5,2024-02-11,1617000.0,1.39,cash,,Riyadh,NRJ0312,NRJ-312,townhouse,3,2,235.0,,city,2,1640000.0,NRJ,Narjis Oasis,Riyadh
11,2024-02-11,2720000.0,0.68,bank_financing,Riyad Bank,Dammam,NRJ0273,NRJ-273,villa,4,4,355.0,,park,2,2739000.0,NRJ,Narjis Oasis,Riyadh
12,2024-02-12,3617000.0,4.34,cash,,Dammam,NRJ0201,NRJ-201,villa,6,6,500.0,,park,2,3781000.0,NRJ,Narjis Oasis,Riyadh
15,2024-02-12,1795000.0,4.22,bank_financing,Riyad Bank,Riyadh,NRJ0158,NRJ-158,townhouse,5,4,275.0,,city,2,1874000.0,NRJ,Narjis Oasis,Riyadh
7,2024-02-14,3090000.0,0.0,bank_financing,Bank AlBilad,Jeddah,NRJ0322,NRJ-322,villa,5,5,395.0,,city,2,3090000.0,NRJ,Narjis Oasis,Riyadh
14,2024-02-15,1907000.0,2.87,bank_financing,Riyad Bank,Riyadh,NRJ0327,NRJ-327,townhouse,5,4,280.0,,city,2,1963000.0,NRJ,Narjis Oasis,Riyadh
18,2024-02-15,4004000.0,1.42,bank_financing,Al Rajhi Bank,Riyadh,NRJ0257,NRJ-257,villa,6,6,485.0,,park,2,4062000.0,NRJ,Narjis Oasis,Riyadh
1,2024-02-16,1548000.0,3.52,bank_financing,Al Rajhi Bank,Riyadh,NRJ0293,NRJ-293,townhouse,3,2,245.0,,park,2,1605000.0,NRJ,Narjis Oasis,Riyadh
13,2024-02-16,2517000.0,2.09,bank_financing,Banque Saudi Fransi,Riyadh,NRJ0035,NRJ-035,villa,4,4,340.0,,street,2,2571000.0,NRJ,Narjis Oasis,Riyadh
10,2024-02-18,3328000.0,0.0,cash,,Riyadh,NRJ0211,NRJ-211,villa,6,6,425.0,,city,2,3328000.0,NRJ,Narjis Oasis,Riyadh
3,2024-02-20,2640000.0,1.51,bank_financing,Al Rajhi Bank,Riyadh,NRJ0106,NRJ-106,villa,4,4,365.0,,street,2,2680000.0,NRJ,Narjis Oasis,Riyadh
501,2024-02-20,1656000.0,0.31,cash,,Riyadh,RWB0099,RWB-12099,duplex,4,4,280.0,12,city,2,1620000.0,RWB,Al Rawabi District,Dammam
9,2024-02-21,1751000.0,3.4,bank_financing,Bank AlBilad,Riyadh,NRJ0268,NRJ-268,townhouse,3,2,270.0,,city,2,1813000.0,NRJ,Narjis Oasis,Riyadh
4,2024-02-26,3307000.0,1.34,bank_financing,Al Rajhi Bank,Riyadh,NRJ0058,NRJ-058,villa,5,5,440.0,,park,2,3352000.0,NRJ,Narjis Oasis,Riyadh
17,2024-02-27,1601000.0,0.0,cash,,Dammam,NRJ0125,NRJ-125,townhouse,3,2,225.0,,city,2,1601000.0,NRJ,Narjis Oasis,Riyadh
505,2024-03-01,2002000.0,4.0,bank_financing,Al Rajhi Bank,Dammam,RWB0236,RWB-236,villa,5,5,335.0,,garden,2,2024000.0,RWB,Al Rawabi District,Dammam
509,2024-03-02,1637000.0,2.93,cash,,Riyadh,RWB0060,RWB-10060,duplex,5,5,290.0,10,park,2,1637000.0,RWB,Al Rawabi District,Dammam
21,2024-03-03,2869000.0,0.0,bank_financing,Al Rajhi Bank,Jeddah,NRJ0063,NRJ-063,villa,5,5,365.0,,city,2,2855000.0,NRJ,Narjis Oasis,Riyadh
23,2024-03-04,3657000.0,1.69,cash,,Riyadh,NRJ0048,NRJ-048,villa,6,6,480.0,,city,2,3701000.0,NRJ,Narjis Oasis,Riyadh
25,2024-03-04,1975000.0,0.21,cash,,Dammam,NRJ0332,NRJ-332,townhouse,5,4,300.0,,city,2,1969000.0,NRJ,Narjis Oasis,Riyadh
29,2024-03-07,3054000.0,2.3,cash,,Riyadh,NRJ0151,NRJ-151,villa,6,6,445.0,,street,2,3110000.0,NRJ,Narjis Oasis,Riyadh
510,2024-03-10,1343000.0,2.09,bank_financing,Bank AlBilad,Dammam,RWB0180,RWB-01180,duplex,4,4,250.0,1,city,2,1331000.0,RWB,Al Rawabi District,Dammam
22,2024-03-12,1901000.0,4.12,cash,,Dammam,NRJ0112,NRJ-112,townhouse,4,3,270.0,,garden,2,1973000.0,NRJ,Narjis Oasis,Riyadh
26,2024-03-14,1512000.0,3.09,bank_financing,Banque Saudi Fransi,Riyadh,NRJ0299,NRJ-299,townhouse,3,2,220.0,,street,2,1553000.0,NRJ,Narjis Oasis,Riyadh
24,2024-03-15,3131000.0,2.35,bank_financing,Bank AlBilad,Riyadh,NRJ0087,NRJ-087,villa,5,5,455.0,,street,2,3191000.0,NRJ,Narjis Oasis,Riyadh
508,2024-03-19,1684000.0,3.93,bank_financing,Al Rajhi Bank,Jeddah,RWB0120,RWB-04120,duplex,4,4,325.0,4,city,2,1701000.0,RWB,Al Rawabi District,Dammam
27,2024-03-20,2845000.0,3.09,bank_financing,Saudi National Bank,Riyadh,NRJ0001,NRJ-001,villa,5,5,410.0,,city,2,2921000.0,NRJ,Narjis Oasis,Riyadh
28,2024-03-20,1607000.0,2.15,bank_financing,Riyad Bank,Riyadh,NRJ0080,NRJ-080,townhouse,3,2,230.0,,garden,2,1634000.0,NRJ,Narjis Oasis,Riyadh
507,2024-03-22,2158000.0,1.71,bank_financing,Bank AlBilad,Dammam,RWB0240,RWB-15240,duplex,5,5,350.0,15,garden,2,2131000.0,RWB,Al Rawabi District,Dammam
506,2024-03-26,2565000.0,0.45,bank_financing,Al Rajhi Bank,Riyadh,RWB0165,RWB-165,villa,5,5,455.0,,street,2,2501000.0,RWB,Al Rawabi District,Dammam
511,2024-03-26,2500000.0,2.22,bank_financing,Saudi National Bank,Dammam,RWB0076,RWB-076,villa,5,5,445.0,,park,2,2481000.0,RWB,Al Rawabi District,Dammam
34,2024-04-01,2905000.0,2.93,cash,,Riyadh,NRJ0199,NRJ-199,villa,5,5,415.0,,city,2,2963000.0,NRJ,Narjis Oasis,Riyadh
37,2024-04-02,1561000.0,0.0,bank_financing,Banque Saudi Fransi,Riyadh,NRJ0290,NRJ-290,townhouse,4,3,225.0,,city,2,1546000.0,NRJ,Narjis Oasis,Riyadh
513,2024-04-02,2425000.0,3.85,bank_financing,Saudi National Bank,Dammam,RWB0184,RWB-184,villa,5,5,455.0,,city,2,2436000.0,RWB,Al Rawabi District,Dammam
32,2024-04-13,1835000.0,2.68,bank_financing,Al Rajhi Bank,Jeddah,NRJ0240,NRJ-240,townhouse,5,4,265.0,,city,2,1867000.0,NRJ,Narjis Oasis,Riyadh
512,2024-04-13,1826000.0,1.15,bank_financing,Riyad Bank,Dammam,RWB0258,RWB-10258,duplex,4,4,325.0,10,city,2,1784000.0,RWB,Al Rawabi District,Dammam
33,2024-04-16,2038000.0,3.61,cash,,Riyadh,NRJ0313,NRJ-313,townhouse,5,4,315.0,,street,2,2093000.0,NRJ,Narjis Oasis,Riyadh
38,2024-04-16,1472000.0,1.52,cash,,Riyadh,NRJ0278,NRJ-278,townhouse,3,2,225.0,,street,2,1480000.0,NRJ,Narjis Oasis,Riyadh
514,2024-04-16,2021000.0,2.69,bank_financing,Banque Saudi Fransi,Riyadh,RWB0137,RWB-18137,duplex,4,4,345.0,18,park,2,2006000.0,RWB,Al Rawabi District,Dammam
516,2024-04-17,2765000.0,1.69,cash,,Dammam,RWB0214,RWB-214,villa,6,6,485.0,,park,2,2716000.0,RWB,Al Rawabi District,Dammam
31,2024-04-19,1796000.0,1.6,bank_financing,Saudi National Bank,Riyadh,NRJ0047,NRJ-047,townhouse,4,3,270.0,,city,2,1807000.0,NRJ,Narjis Oasis,Riyadh
39,2024-04-19,1547000.0,0.0,bank_financing,Banque Saudi Fransi,Jeddah,NRJ0254,NRJ-254,townhouse,3,2,230.0,,city,2,1532000.0,NRJ,Narjis Oasis,Riyadh
515,2024-04-19,2223000.0,3.03,bank_financing,Riyad Bank,Dammam,RWB0077,RWB-077,villa,5,5,390.0,,park,2,2214000.0,RWB,Al Rawabi District,Dammam
30,2024-04-20,2851000.0,3.54,bank_financing,Banque Saudi Fransi,Riyadh,NRJ0070,NRJ-070,villa,5,5,385.0,,city,2,2926000.0,NRJ,Narjis Oasis,Riyadh
35,2024-04-24,3540000.0,1.3,cash,,Riyadh,NRJ0324,NRJ-324,villa,6,6,465.0,,park,2,3551000.0,NRJ,Narjis Oasis,Riyadh
36,2024-04-27,2439000.0,2.76,bank_financing,Al Rajhi Bank,Dammam,NRJ0131,NRJ-131,villa,4,4,320.0,,city,2,2483000.0,NRJ,Narjis Oasis,Riyadh
41,2024-05-01,1582000.0,3.1,bank_financing,Saudi National Bank,Jeddah,NRJ0219,NRJ-219,townhouse,3,2,240.0,,street,2,1608000.0,NRJ,Narjis Oasis,Riyadh
49,2024-05-01,1863000.0,0.2,bank_financing,Riyad Bank,Riyadh,NRJ0325,NRJ-325,townhouse,4,3,270.0,,city,2,1839000.0,NRJ,Narjis Oasis,Riyadh
227,2024-05-02,3305000.0,1.27,bank_financing,Riyad Bank,Jeddah,CST0248,CST-18248,duplex,4,4,275.0,18,garden,2,3347000.0,CST,Coast Towers,Jeddah
45,2024-05-03,1901000.0,0.0,bank_financing,Banque Saudi Fransi,Riyadh,NRJ0078,NRJ-078,townhouse,4,3,275.0,,street,2,1873000.0,NRJ,Narjis Oasis,Riyadh
46,2024-05-03,2265000.0,0.87,bank_financing,Saudi National Bank,Riyadh,NRJ0320,NRJ-320,townhouse,5,4,300.0,,park,2,2251000.0,NRJ,Narjis Oasis,Riyadh
50,2024-05-04,1993000.0,2.25,bank_financing,Saudi National Bank,Riyadh,NRJ0282,NRJ-282,townhouse,4,3,305.0,,street,2,2009000.0,NRJ,Narjis Oasis,Riyadh
230,2024-05-04,3081000.0,1.33,bank_financing,Bank AlBilad,Dammam,CST0356,CST-19356,duplex,4,4,245.0,19,street,2,3123000.0,CST,Coast Towers,Jeddah
216,2024-05-05,3360000.0,3.68,cash,,Dammam,CST0361,CST-14361,duplex,4,4,295.0,14,street,2,3488000.0,CST,Coast Towers,Jeddah
217,2024-05-05,3485000.0,4.24,bank_financing,Bank AlBilad,Jeddah,CST0266,CST-03266,duplex,5,5,305.0,3,park,2,3639000.0,CST,Coast Towers,Jeddah
44,2024-05-07,1824000.0,0.8,cash,,Riyadh,NRJ0266,NRJ-266,townhouse,3,2,280.0,,street,2,1811000.0,NRJ,Narjis Oasis,Riyadh
219,2024-05-08,3893000.0,1.0,bank_financing,Bank AlBilad,Riyadh,CST0291,CST-16291,duplex,4,4,305.0,16,park,2,3932000.0,CST,Coast Towers,Jeddah
517,2024-05-08,2470000.0,0.0,bank_financing,Al Rajhi Bank,Dammam,RWB0224,RWB-224,villa,5,5,445.0,,street,2,2373000.0,RWB,Al Rawabi District,Dammam
221,2024-05-09,1551000.0,1.6,cash,,Riyadh,CST0201,CST-07201,apartment,3,2,145.0,7,city,1,1576000.0,CST,Coast Towers,Jeddah
48,2024-05-10,1798000.0,1.02,bank_financing,Saudi National Bank,Dammam,NRJ0287,NRJ-287,townhouse,4,3,275.0,,street,2,1790000.0,NRJ,Narjis Oasis,Riyadh
47,2024-05-12,1978000.0,2.08,bank_financing,Riyad Bank,Riyadh,NRJ0323,NRJ-323,townhouse,4,3,285.0,,street,2,1990000.0,NRJ,Narjis Oasis,Riyadh
229,2024-05-12,4327000.0,1.73,bank_financing,Riyad Bank,Jeddah,CST0272,CST-17272,duplex,5,5,360.0,17,street,2,4403000.0,CST,Coast Towers,Jeddah
42,2024-05-13,2471000.0,0.71,cash,,Riyadh,NRJ0086,NRJ-086,villa,5,5,345.0,,city,2,2452000.0,NRJ,Narjis Oasis,Riyadh
40,2024-05-14,2008000.0,0.21,cash,,Jeddah,NRJ0133,NRJ-133,townhouse,4,3,290.0,,park,2,1982000.0,NRJ,Narjis Oasis,Riyadh
218,2024-05-14,2135000.0,4.6,cash,,Riyadh,CST0100,CST-05100,apartment,3,2,195.0,5,park,2,2238000.0,CST,Coast Towers,Jeddah
220,2024-05-14,3606000.0,0.57,bank_financing,Al Rajhi Bank,Dammam,CST0389,CST-05389,duplex,4,4,275.0,5,sea,2,3627000.0,CST,Coast Towers,Jeddah
223,2024-05-14,1443000.0,3.27,bank_financing,Saudi National Bank,Jeddah,CST0333,CST-23333,apartment,2,1,130.0,23,city,1,1492000.0,CST,Coast Towers,Jeddah
225,2024-05-14,3347000.0,2.12,bank_financing,Bank AlBilad,Jeddah,CST0158,CST-12158,duplex,5,5,275.0,12,city,2,3419000.0,CST,Coast Towers,Jeddah
234,2024-05-16,1924000.0,1.26,bank_financing,Riyad Bank,Jeddah,CST0223,CST-05223,apartment,4,3,180.0,5,park,2,1949000.0,CST,Coast Towers,Jeddah
235,2024-05-17,4160000.0,1.9,cash,,Jeddah,CST0346,CST-23346,duplex,5,5,340.0,23,park,2,4241000.0,CST,Coast Towers,Jeddah
520,2024-05-17,2695000.0,0.0,bank_financing,Al Rajhi Bank,Dammam,RWB0016,RWB-016,villa,5,5,420.0,,city,2,2590000.0,RWB,Al Rawabi District,Dammam
231,2024-05-18,4288000.0,2.84,cash,,Riyadh,CST0026,CST-11026,duplex,5,5,360.0,11,city,2,4413000.0,CST,Coast Towers,Jeddah
226,2024-05-23,1616000.0,1.0,bank_financing,Al Rajhi Bank,Jeddah,CST0311,CST-18311,apartment,3,2,145.0,18,garden,1,1632000.0,CST,Coast Towers,Jeddah
232,2024-05-23,4133000.0,2.29,bank_financing,Saudi National Bank,Jeddah,CST0091,CST-05091,duplex,4,4,330.0,5,sea,2,4230000.0,CST,Coast Towers,Jeddah
233,2024-05-23,3271000.0,0.0,bank_financing,Bank AlBilad,Jeddah,CST0398,CST-24398,duplex,5,5,270.0,24,street,2,3271000.0,CST,Coast Towers,Jeddah
519,2024-05-25,2612000.0,3.64,bank_financing,Al Rajhi Bank,Dammam,RWB0200,RWB-200,villa,5,5,445.0,,park,2,2605000.0,RWB,Al Rawabi District,Dammam
43,2024-05-26,1581000.0,1.95,cash,,Jeddah,NRJ0192,NRJ-192,townhouse,4,3,220.0,,street,2,1588000.0,NRJ,Narjis Oasis,Riyadh
224,2024-05-26,1795000.0,0.0,bank_financing,Riyad Bank,Jeddah,CST0175,CST-10175,apartment,3,2,185.0,10,street,2,1795000.0,CST,Coast Towers,Jeddah
222,2024-05-27,1819000.0,4.08,bank_financing,Banque Saudi Fransi,Jeddah,CST0164,CST-13164,apartment,3,2,170.0,13,garden,2,1896000.0,CST,Coast Towers,Jeddah
228,2024-05-27,1483000.0,0.34,bank_financing,Riyad Bank,Jeddah,CST0059,CST-08059,apartment,3,2,135.0,8,garden,1,1488000.0,CST,Coast Towers,Jeddah
518,2024-05-27,1936000.0,0.81,bank_financing,Bank AlBilad,Dammam,RWB0116,RWB-12116,duplex,5,5,350.0,12,park,2,1875000.0,RWB,Al Rawabi District,Dammam
521,2024-05-27,2787000.0,1.84,bank_financing,Banque Saudi Fransi,Dammam,RWB0173,RWB-173,villa,5,5,490.0,,city,2,2728000.0,RWB,Al Rawabi District,Dammam
236,2024-06-01,1246000.0,3.62,cash,,Dammam,CST0414,CST-24414,apartment,2,1,115.0,24,street,1,1286000.0,CST,Coast Towers,Jeddah
237,2024-06-02,3655000.0,2.07,bank_financing,Riyad Bank,Jeddah,CST0177,CST-11177,duplex,4,4,290.0,11,park,2,3714000.0,CST,Coast Towers,Jeddah
239,2024-06-02,3926000.0,0.0,bank_financing,Banque Saudi Fransi,Dammam,CST0065,CST-08065,duplex,5,5,320.0,8,street,2,3906000.0,CST,Coast Towers,Jeddah
246,2024-06-02,3111000.0,0.0,bank_financing,Banque Saudi Fransi,Riyadh,CST0331,CST-01331,duplex,4,4,260.0,1,garden,2,3096000.0,CST,Coast Towers,Jeddah
238,2024-06-03,3234000.0,0.96,bank_financing,Riyad Bank,Riyadh,CST0214,CST-09214,duplex,5,5,270.0,9,garden,2,3249000.0,CST,Coast Towers,Jeddah
57,2024-06-06,2114000.0,1.57,bank_financing,Riyad Bank,Jeddah,NRJ0041,NRJ-041,townhouse,5,4,310.0,,street,2,2105000.0,NRJ,Narjis Oasis,Riyadh
241,2024-06-06,2235000.0,0.0,cash,,Riyadh,CST0357,CST-13357,apartment,4,3,190.0,13,garden,2,2224000.0,CST,Coast Towers,Jeddah
247,2024-06-06,2219000.0,3.88,bank_financing,Riyad Bank,Jeddah,CST0370,CST-15370,apartment,3,2,190.0,15,sea,2,2297000.0,CST,Coast Towers,Jeddah
526,2024-06-06,2718000.0,2.36,bank_financing,Banque Saudi Fransi,Riyadh,RWB0114,RWB-114,villa,4,4,410.0,,park,2,2662000.0,RWB,Al Rawabi District,Dammam
51,2024-06-08,4396000.0,0.9,bank_financing,Al Rajhi Bank,Riyadh,NRJ0119,NRJ-119,villa,6,6,520.0,,park,2,4348000.0,NRJ,Narjis Oasis,Riyadh
52,2024-06-08,1810000.0,1.87,bank_financing,Banque Saudi Fransi,Riyadh,NRJ0150,NRJ-150,townhouse,3,2,255.0,,garden,2,1808000.0,NRJ,Narjis Oasis,Riyadh
56,2024-06-11,2665000.0,1.16,bank_financing,Bank AlBilad,Riyadh,NRJ0064,NRJ-064,villa,4,4,330.0,,park,2,2643000.0,NRJ,Narjis Oasis,Riyadh
525,2024-06-11,1849000.0,1.59,cash,,Jeddah,RWB0197,RWB-197,villa,5,5,325.0,,city,2,1796000.0,RWB,Al Rawabi District,Dammam
55,2024-06-12,2205000.0,4.36,bank_financing,Al Rajhi Bank,Riyadh,NRJ0191,NRJ-191,townhouse,4,3,300.0,,garden,2,2260000.0,NRJ,Narjis Oasis,Riyadh
240,2024-06-14,1187000.0,2.45,bank_financing,Bank AlBilad,Riyadh,CST0415,CST-10415,apartment,2,1,110.0,10,garden,1,1211000.0,CST,Coast Towers,Jeddah
53,2024-06-15,3149000.0,1.54,bank_financing,Riyad Bank,Jeddah,NRJ0069,NRJ-069,villa,6,6,405.0,,street,2,3135000.0,NRJ,Narjis Oasis,Riyadh
242,2024-06-15,2236000.0,1.37,bank_financing,Al Rajhi Bank,Jeddah,CST0047,CST-23047,apartment,3,2,205.0,23,city,2,2256000.0,CST,Coast Towers,Jeddah
248,2024-06-15,1740000.0,3.07,bank_financing,Riyad Bank,Dammam,CST0062,CST-03062,apartment,3,2,165.0,3,park,2,1786000.0,CST,Coast Towers,Jeddah
54,2024-06-17,1734000.0,0.0,bank_financing,Banque Saudi Fransi,Riyadh,NRJ0028,NRJ-028,townhouse,3,2,230.0,,garden,2,1700000.0,NRJ,Narjis Oasis,Riyadh
524,2024-06-17,1815000.0,0.0,bank_financing,Bank AlBilad,Dammam,RWB0138,RWB-07138,duplex,4,4,340.0,7,city,2,1735000.0,RWB,Al Rawabi District,Dammam
244,2024-06-21,4248000.0,1.4,cash,,Jeddah,CST0012,CST-01012,duplex,5,5,330.0,1,park,2,4287000.0,CST,Coast Towers,Jeddah
523,2024-06-22,2569000.0,0.85,bank_financing,Al Rajhi Bank,Dammam,RWB0188,RWB-188,villa,6,6,445.0,,city,2,2477000.0,RWB,Al Rawabi District,Dammam
243,2024-06-23,1762000.0,0.21,bank_financing,Riyad Bank,Jeddah,CST0376,CST-21376,apartment,3,2,150.0,21,street,2,1757000.0,CST,Coast Towers,Jeddah
522,2024-06-23,1528000.0,2.02,bank_financing,Saudi National Bank,Dammam,RWB0204,RWB-06204,duplex,5,5,280.0,6,garden,2,1491000.0,RWB,Al Rawabi District,Dammam
245,2024-06-25,1232000.0,0.0,cash,,Jeddah,CST0060,CST-05060,apartment,2,1,105.0,5,park,1,1226000.0,CST,Coast Towers,Jeddah
255,2024-07-01,2295000.0,0.43,bank_financing,Al Rajhi Bank,Dammam,CST0016,CST-18016,apartment,4,3,200.0,18,city,2,2282000.0,CST,Coast Towers,Jeddah
253,2024-07-02,1450000.0,0.9,bank_financing,Al Rajhi Bank,Riyadh,CST0287,CST-06287,apartment,3,2,135.0,6,garden,1,1449000.0,CST,Coast Towers,Jeddah
63,2024-07-03,3774000.0,1.86,bank_financing,Bank AlBilad,Riyadh,NRJ0213,NRJ-213,villa,6,6,510.0,,city,2,3751000.0,NRJ,Narjis Oasis,Riyadh
528,2024-07-03,2233000.0,1.66,bank_financing,Bank AlBilad,Dammam,RWB0024,RWB-024,villa,5,5,410.0,,garden,2,2160000.0,RWB,Al Rawabi District,Dammam
61,2024-07-08,3604000.0,5.32,bank_financing,Bank AlBilad,Riyadh,NRJ0203,NRJ-203,villa,5,5,490.0,,city,2,3713000.0,NRJ,Narjis Oasis,Riyadh
256,2024-07-09,2311000.0,1.56,cash,,Jeddah,CST0118,CST-20118,apartment,4,3,205.0,20,garden,2,2324000.0,CST,Coast Towers,Jeddah
58,2024-07-10,2785000.0,0.79,bank_financing,Al Rajhi Bank,Jeddah,NRJ0155,NRJ-155,villa,5,5,350.0,,city,2,2738000.0,NRJ,Narjis Oasis,Riyadh
530,2024-07-11,2003000.0,2.3,cash,,Dammam,RWB0025,RWB-16025,duplex,5,5,340.0,16,park,2,1950000.0,RWB,Al Rawabi District,Dammam
62,2024-07-13,2610000.0,2.65,bank_financing,Banque Saudi Fransi,Riyadh,NRJ0207,NRJ-207,villa,4,4,340.0,,park,2,2615000.0,NRJ,Narjis Oasis,Riyadh
250,2024-07-17,3576000.0,0.0,bank_financing,Banque Saudi Fransi,Jeddah,CST0120,CST-06120,duplex,4,4,265.0,6,sea,2,3541000.0,CST,Coast Towers,Jeddah
252,2024-07-20,2080000.0,2.63,bank_financing,Bank AlBilad,Dammam,CST0133,CST-20133,apartment,3,2,185.0,20,city,2,2115000.0,CST,Coast Towers,Jeddah
527,2024-07-20,2028000.0,1.29,bank_financing,Al Rajhi Bank,Dammam,RWB0038,RWB-038,villa,5,5,345.0,,garden,2,1955000.0,RWB,Al Rawabi District,Dammam
60,2024-07-21,1516000.0,2.59,cash,,Riyadh,NRJ0160,NRJ-160,townhouse,3,2,225.0,,garden,2,1518000.0,NRJ,Narjis Oasis,Riyadh
251,2024-07-21,2308000.0,3.36,bank_financing,Bank AlBilad,Riyadh,CST0257,CST-22257,apartment,4,3,200.0,22,park,2,2364000.0,CST,Coast Towers,Jeddah
59,2024-07-23,1538000.0,2.35,bank_financing,Bank AlBilad,Riyadh,NRJ0075,NRJ-075,townhouse,3,2,230.0,,garden,2,1536000.0,NRJ,Narjis Oasis,Riyadh
529,2024-07-25,2881000.0,0.1,cash,,Dammam,RWB0072,RWB-072,villa,5,5,500.0,,park,2,2744000.0,RWB,Al Rawabi District,Dammam
249,2024-07-27,3543000.0,0.31,bank_financing,Bank AlBilad,Jeddah,CST0038,CST-13038,duplex,5,5,300.0,13,garden,2,3519000.0,CST,Coast Towers,Jeddah
254,2024-07-27,3614000.0,1.42,bank_financing,Riyad Bank,Riyadh,CST0246,CST-07246,duplex,4,4,325.0,7,street,2,3629000.0,CST,Coast Towers,Jeddah
67,2024-08-01,3498000.0,2.02,cash,,Dammam,NRJ0331,NRJ-331,villa,5,5,455.0,,street,2,3465000.0,NRJ,Narjis Oasis,Riyadh
265,2024-08-02,1751000.0,1.62,bank_financing,Riyad Bank,Jeddah,CST0115,CST-02115,apartment,4,3,175.0,2,garden,2,1753000.0,CST,Coast Towers,Jeddah
535,2024-08-02,1398000.0,0.71,cash,,Dammam,RWB0018,RWB-12018,duplex,4,4,245.0,12,park,2,1333000.0,RWB,Al Rawabi District,Dammam
69,2024-08-04,2729000.0,0.0,bank_financing,Saudi National Bank,Riyadh,NRJ0198,NRJ-198,villa,4,4,355.0,,street,2,2649000.0,NRJ,Narjis Oasis,Riyadh
258,2024-08-05,4282000.0,1.93,cash,,Jeddah,CST0183,CST-12183,duplex,5,5,335.0,12,park,2,4301000.0,CST,Coast Towers,Jeddah
68,2024-08-07,1464000.0,1.9,cash,,Riyadh,NRJ0093,NRJ-093,townhouse,3,2,220.0,,city,2,1448000.0,NRJ,Narjis Oasis,Riyadh
65,2024-08-08,2959000.0,1.98,cash,,Dammam,NRJ0176,NRJ-176,villa,4,4,355.0,,city,2,2930000.0,NRJ,Narjis Oasis,Riyadh
66,2024-08-08,3045000.0,1.96,bank_financing,Riyad Bank,Riyadh,NRJ0052,NRJ-052,villa,6,6,405.0,,city,2,3014000.0,NRJ,Narjis Oasis,Riyadh
264,2024-08-09,2112000.0,0.0,bank_financing,Riyad Bank,Riyadh,CST0190,CST-04190,apartment,3,2,195.0,4,city,2,2081000.0,CST,Coast Towers,Jeddah
262,2024-08-10,4265000.0,3.96,bank_financing,Bank AlBilad,Dammam,CST0007,CST-15007,duplex,5,5,355.0,15,city,2,4375000.0,CST,Coast Towers,Jeddah
259,2024-08-12,2703000.0,3.86,cash,,Riyadh,CST0101,CST-08101,duplex,4,4,245.0,8,street,2,2770000.0,CST,Coast Towers,Jeddah
261,2024-08-13,4342000.0,1.04,bank_financing,Bank AlBilad,Jeddah,CST0132,CST-10132,duplex,5,5,355.0,10,city,2,4323000.0,CST,Coast Towers,Jeddah
263,2024-08-13,3684000.0,0.0,cash,,Dammam,CST0337,CST-01337,duplex,5,5,315.0,1,garden,2,3629000.0,CST,Coast Towers,Jeddah
534,2024-08-13,1862000.0,2.17,bank_financing,Al Rajhi Bank,Dammam,RWB0257,RWB-15257,duplex,4,4,320.0,15,park,2,1802000.0,RWB,Al Rawabi District,Dammam
70,2024-08-15,2257000.0,3.96,bank_financing,Banque Saudi Fransi,Riyadh,NRJ0002,NRJ-002,townhouse,5,4,320.0,,park,2,2281000.0,NRJ,Narjis Oasis,Riyadh
257,2024-08-16,4569000.0,3.34,bank_financing,Banque Saudi Fransi,Jeddah,CST0341,CST-18341,duplex,5,5,360.0,18,garden,2,4657000.0,CST,Coast Towers,Jeddah
533,2024-08-20,2710000.0,3.13,bank_financing,Saudi National Bank,Jeddah,RWB0185,RWB-185,villa,5,5,485.0,,street,2,2648000.0,RWB,Al Rawabi District,Dammam
531,2024-08-21,2003000.0,2.74,bank_financing,Saudi National Bank,Dammam,RWB0097,RWB-16097,duplex,4,4,355.0,16,street,2,1949000.0,RWB,Al Rawabi District,Dammam
64,2024-08-23,2042000.0,2.94,bank_financing,Al Rajhi Bank,Dammam,NRJ0098,NRJ-098,townhouse,5,4,290.0,,city,2,2042000.0,NRJ,Narjis Oasis,Riyadh
532,2024-08-24,1946000.0,0.92,bank_financing,Bank AlBilad,Dammam,RWB0011,RWB-16011,duplex,5,5,340.0,16,city,2,1859000.0,RWB,Al Rawabi District,Dammam
260,2024-08-27,2720000.0,3.27,bank_financing,Saudi National Bank,Jeddah,CST0114,CST-23114,apartment,4,3,210.0,23,sea,2,2770000.0,CST,Coast Towers,Jeddah
662,2024-09-01,1761000.0,4.76,cash,,Riyadh,YSM0039,YSM-039,townhouse,5,4,280.0,,street,2,1849000.0,YSM,Yasmin Suburb,Riyadh
76,2024-09-02,1770000.0,0.16,bank_financing,Bank AlBilad,Riyadh,NRJ0260,NRJ-260,townhouse,3,2,240.0,,garden,2,1712000.0,NRJ,Narjis Oasis,Riyadh
272,2024-09-03,3507000.0,2.26,bank_financing,Saudi National Bank,Dammam,CST0192,CST-07192,duplex,4,4,280.0,7,sea,2,3517000.0,CST,Coast Towers,Jeddah
647,2024-09-03,1038000.0,2.48,bank_financing,Banque Saudi Fransi,Riyadh,YSM0342,YSM-22342,apartment,4,3,170.0,22,street,2,1064000.0,YSM,Yasmin Suburb,Riyadh
658,2024-09-03,1941000.0,3.03,bank_financing,Banque Saudi Fransi,Riyadh,YSM0263,YSM-263,townhouse,4,3,320.0,,street,2,2002000.0,YSM,Yasmin Suburb,Riyadh
634,2024-09-04,856000.0,0.3,cash,,Riyadh,YSM0240,YSM-20240,apartment,2,1,140.0,20,street,1,859000.0,YSM,Yasmin Suburb,Riyadh
636,2024-09-04,1665000.0,2.64,cash,,Dammam,YSM0208,YSM-208,townhouse,4,3,255.0,,city,2,1710000.0,YSM,Yasmin Suburb,Riyadh
71,2024-09-06,3461000.0,2.17,bank_financing,Al Rajhi Bank,Jeddah,NRJ0251,NRJ-251,villa,5,5,455.0,,park,2,3416000.0,NRJ,Narjis Oasis,Riyadh
277,2024-09-06,1245000.0,2.69,bank_financing,Riyad Bank,Jeddah,CST0025,CST-01025,apartment,2,1,125.0,1,street,1,1254000.0,CST,Coast Towers,Jeddah
638,2024-09-06,1401000.0,3.02,bank_financing,Al Rajhi Bank,Jeddah,YSM0403,YSM-403,townhouse,3,2,220.0,,city,2,1445000.0,YSM,Yasmin Suburb,Riyadh
275,2024-09-07,3701000.0,0.6,cash,,Dammam,CST0350,CST-14350,duplex,5,5,300.0,14,garden,2,3650000.0,CST,Coast Towers,Jeddah
641,2024-09-07,857000.0,4.45,bank_financing,Al Rajhi Bank,Jeddah,YSM0258,YSM-04258,apartment,4,3,160.0,4,street,2,897000.0,YSM,Yasmin Suburb,Riyadh
643,2024-09-07,1563000.0,1.65,cash,,Riyadh,YSM0493,YSM-493,townhouse,3,2,245.0,,street,2,1589000.0,YSM,Yasmin Suburb,Riyadh
75,2024-09-08,1614000.0,2.15,bank_financing,Saudi National Bank,Jeddah,NRJ0148,NRJ-148,townhouse,4,3,235.0,,park,2,1593000.0,NRJ,Narjis Oasis,Riyadh
635,2024-09-08,1041000.0,1.85,bank_financing,Bank AlBilad,Jeddah,YSM0488,YSM-15488,apartment,3,2,160.0,15,city,2,1061000.0,YSM,Yasmin Suburb,Riyadh
650,2024-09-08,846000.0,4.89,bank_financing,Banque Saudi Fransi,Dammam,YSM0248,YSM-06248,apartment,4,3,145.0,6,garden,1,889000.0,YSM,Yasmin Suburb,Riyadh
637,2024-09-09,1086000.0,0.0,bank_financing,Banque Saudi Fransi,Riyadh,YSM0396,YSM-09396,apartment,4,3,170.0,9,street,2,1086000.0,YSM,Yasmin Suburb,Riyadh
266,2024-09-10,4123000.0,0.47,bank_financing,Riyad Bank,Jeddah,CST0306,CST-13306,duplex,4,4,300.0,13,sea,2,4061000.0,CST,Coast Towers,Jeddah
268,2024-09-10,4350000.0,3.34,cash,,Jeddah,CST0226,CST-21226,duplex,5,5,340.0,21,street,2,4411000.0,CST,Coast Towers,Jeddah
646,2024-09-10,1765000.0,2.24,bank_financing,Saudi National Bank,Dammam,YSM0377,YSM-377,townhouse,4,3,275.0,,city,2,1806000.0,YSM,Yasmin Suburb,Riyadh
648,2024-09-10,1075000.0,0.0,bank_financing,Riyad Bank,Jeddah,YSM0133,YSM-16133,apartment,3,2,170.0,16,street,2,1075000.0,YSM,Yasmin Suburb,Riyadh
536,2024-09-11,1730000.0,1.84,bank_financing,Bank AlBilad,Dammam,RWB0209,RWB-02209,duplex,5,5,320.0,2,park,2,1660000.0,RWB,Al Rawabi District,Dammam
539,2024-09-11,1924000.0,1.51,cash,,Dammam,RWB0068,RWB-01068,duplex,5,5,330.0,1,city,2,1840000.0,RWB,Al Rawabi District,Dammam
657,2024-09-11,834000.0,4.98,bank_financing,Al Rajhi Bank,Dammam,YSM0210,YSM-23210,apartment,2,1,135.0,23,street,1,878000.0,YSM,Yasmin Suburb,Riyadh
661,2024-09-11,843000.0,3.49,bank_financing,Riyad Bank,Jeddah,YSM0351,YSM-05351,apartment,2,1,130.0,5,park,1,874000.0,YSM,Yasmin Suburb,Riyadh
271,2024-09-12,1157000.0,3.2,bank_financing,Bank AlBilad,Jeddah,CST0028,CST-13028,apartment,2,1,110.0,13,garden,1,1172000.0,CST,Coast Towers,Jeddah
74,2024-09-13,4271000.0,0.0,cash,,Riyadh,NRJ0249,NRJ-249,villa,6,6,520.0,,garden,2,4124000.0,NRJ,Narjis Oasis,Riyadh
267,2024-09-13,1635000.0,3.56,bank_financing,Al Rajhi Bank,Jeddah,CST0378,CST-06378,apartment,3,2,155.0,6,garden,2,1662000.0,CST,Coast Towers,Jeddah
659,2024-09-13,1574000.0,0.19,cash,,Dammam,YSM0062,YSM-062,townhouse,3,2,240.0,,street,2,1577000.0,YSM,Yasmin Suburb,Riyadh
73,2024-09-14,1641000.0,2.99,bank_financing,Saudi National Bank,Riyadh,NRJ0118,NRJ-118,townhouse,4,3,240.0,,garden,2,1634000.0,NRJ,Narjis Oasis,Riyadh
640,2024-09-14,704000.0,3.63,bank_financing,Saudi National Bank,Riyadh,YSM0358,YSM-10358,apartment,3,2,110.0,10,city,1,731000.0,YSM,Yasmin Suburb,Riyadh
80,2024-09-15,3676000.0,1.54,bank_financing,Riyad Bank,Riyadh,NRJ0311,NRJ-311,villa,6,6,485.0,,park,2,3605000.0,NRJ,Narjis Oasis,Riyadh
653,2024-09-15,827000.0,1.32,bank_financing,Riyad Bank,Riyadh,YSM0294,YSM-10294,apartment,2,1,125.0,10,park,1,838000.0,YSM,Yasmin Suburb,Riyadh
663,2024-09-15,760000.0,0.47,cash,,Riyadh,YSM0060,YSM-19060,apartment,3,2,115.0,19,street,1,764000.0,YSM,Yasmin Suburb,Riyadh
665,2024-09-15,1552000.0,1.9,bank_financing,Riyad Bank,Dammam,YSM0175,YSM-175,townhouse,3,2,235.0,,garden,2,1582000.0,YSM,Yasmin Suburb,Riyadh
270,2024-09-17,1950000.0,3.19,bank_financing,Banque Saudi Fransi,Jeddah,CST0297,CST-12297,apartment,3,2,180.0,12,park,2,1975000.0,CST,Coast Towers,Jeddah
632,2024-09-17,807000.0,0.99,bank_financing,Bank AlBilad,Jeddah,YSM0107,YSM-13107,apartment,4,3,130.0,13,street,1,815000.0,YSM,Yasmin Suburb,Riyadh
652,2024-09-17,822000.0,1.12,bank_financing,Banque Saudi Fransi,Riyadh,YSM0269,YSM-05269,apartment,4,3,135.0,5,garden,1,831000.0,YSM,Yasmin Suburb,Riyadh
660,2024-09-17,1242000.0,3.08,bank_financing,Bank AlBilad,Riyadh,YSM0304,YSM-19304,apartment,3,2,205.0,19,street,2,1281000.0,YSM,Yasmin Suburb,Riyadh
273,2024-09-18,3965000.0,1.88,bank_financing,Riyad Bank,Jeddah,CST0359,CST-15359,duplex,4,4,285.0,15,sea,2,3961000.0,CST,Coast Towers,Jeddah
631,2024-09-18,685000.0,0.0,cash,,Riyadh,YSM0264,YSM-22264,apartment,2,1,100.0,22,park,1,685000.0,YSM,Yasmin Suburb,Riyadh
651,2024-09-18,1116000.0,2.36,cash,,Riyadh,YSM0503,YSM-06503,apartment,4,3,180.0,6,city,2,1143000.0,YSM,Yasmin Suburb,Riyadh
656,2024-09-18,1955000.0,3.44,bank_financing,Banque Saudi Fransi,Dammam,YSM0033,YSM-033,townhouse,4,3,315.0,,street,2,2025000.0,YSM,Yasmin Suburb,Riyadh
72,2024-09-19,3465000.0,3.49,bank_financing,Saudi National Bank,Riyadh,NRJ0196,NRJ-196,villa,4,4,455.0,,park,2,3467000.0,NRJ,Narjis Oasis,Riyadh
77,2024-09-19,2351000.0,2.08,cash,,Dammam,NRJ0292,NRJ-292,townhouse,4,3,300.0,,park,2,2319000.0,NRJ,Narjis Oasis,Riyadh
79,2024-09-19,3827000.0,4.58,bank_financing,Bank AlBilad,Riyadh,NRJ0030,NRJ-030,villa,6,6,505.0,,street,2,3873000.0,NRJ,Narjis Oasis,Riyadh
274,2024-09-19,3959000.0,4.06,bank_financing,Bank AlBilad,Jeddah,CST0001,CST-21001,duplex,5,5,345.0,21,street,2,4045000.0,CST,Coast Towers,Jeddah
538,2024-09-19,1434000.0,0.34,bank_financing,Riyad Bank,Dammam,RWB0205,RWB-22205,duplex,4,4,250.0,22,city,2,1355000.0,RWB,Al Rawabi District,Dammam
649,2024-09-19,1692000.0,1.61,cash,,Dammam,YSM0384,YSM-384,townhouse,4,3,260.0,,city,2,1720000.0,YSM,Yasmin Suburb,Riyadh
644,2024-09-21,805000.0,0.49,bank_financing,Al Rajhi Bank,Jeddah,YSM0306,YSM-14306,apartment,2,1,120.0,14,park,1,809000.0,YSM,Yasmin Suburb,Riyadh
654,2024-09-21,618000.0,1.3,bank_financing,Saudi National Bank,Riyadh,YSM0098,YSM-01098,apartment,2,1,100.0,1,city,1,626000.0,YSM,Yasmin Suburb,Riyadh
633,2024-09-22,1924000.0,1.77,bank_financing,Saudi National Bank,Riyadh,YSM0138,YSM-138,townhouse,5,4,280.0,,city,2,1959000.0,YSM,Yasmin Suburb,Riyadh
537,2024-09-24,2592000.0,3.87,bank_financing,Banque Saudi Fransi,Dammam,RWB0015,RWB-015,villa,5,5,455.0,,garden,2,2540000.0,RWB,Al Rawabi District,Dammam
630,2024-09-24,2006000.0,0.47,cash,,Riyadh,YSM0187,YSM-187,townhouse,4,3,275.0,,park,2,2015000.0,YSM,Yasmin Suburb,Riyadh
645,2024-09-24,1062000.0,4.11,bank_financing,Banque Saudi Fransi,Dammam,YSM0420,YSM-13420,apartment,2,1,170.0,13,park,2,1108000.0,YSM,Yasmin Suburb,Riyadh
269,2024-09-25,1225000.0,2.91,bank_financing,Banque Saudi Fransi,Jeddah,CST0390,CST-06390,apartment,2,1,105.0,6,sea,1,1237000.0,CST,Coast Towers,Jeddah
655,2024-09-25,2123000.0,1.63,bank_financing,Al Rajhi Bank,Riyadh,YSM0494,YSM-494,townhouse,5,4,305.0,,garden,2,2158000.0,YSM,Yasmin Suburb,Riyadh
78,2024-09-26,3410000.0,0.0,bank_financing,Riyad Bank,Jeddah,NRJ0009,NRJ-009,villa,5,5,415.0,,city,2,3293000.0,NRJ,Narjis Oasis,Riyadh
642,2024-09-26,1821000.0,3.58,cash,,Dammam,YSM0479,YSM-479,townhouse,4,3,260.0,,park,2,1889000.0,YSM,Yasmin Suburb,Riyadh
664,2024-09-26,1947000.0,0.0,bank_financing,Al Rajhi Bank,Jeddah,YSM0355,YSM-355,townhouse,4,3,295.0,,park,2,1947000.0,YSM,Yasmin Suburb,Riyadh
276,2024-09-27,3524000.0,1.19,bank_financing,Banque Saudi Fransi,Riyadh,CST0238,CST-05238,duplex,4,4,305.0,5,garden,2,3496000.0,CST,Coast Towers,Jeddah
639,2024-09-27,711000.0,4.32,bank_financing,Banque Saudi Fransi,Jeddah,YSM0314,YSM-05314,apartment,2,1,100.0,5,park,1,743000.0,YSM,Yasmin Suburb,Riyadh
82,2024-10-02,3940000.0,0.0,bank_financing,Saudi National Bank,Riyadh,NRJ0326,NRJ-326,villa,5,5,520.0,,street,2,3786000.0,NRJ,Narjis Oasis,Riyadh
541,2024-10-02,2022000.0,1.77,bank_financing,Bank AlBilad,Jeddah,RWB0223,RWB-18223,duplex,5,5,325.0,18,city,2,1929000.0,RWB,Al Rawabi District,Dammam
543,2024-10-02,1558000.0,3.26,cash,,Jeddah,RWB0162,RWB-18162,duplex,4,4,290.0,18,garden,2,1509000.0,RWB,Al Rawabi District,Dammam
697,2024-10-03,852000.0,2.36,bank_financing,Banque Saudi Fransi,Jeddah,YSM0155,YSM-04155,apartment,3,2,135.0,4,garden,1,868000.0,YSM,Yasmin Suburb,Riyadh
686,2024-10-05,838000.0,4.15,cash,,Riyadh,YSM0151,YSM-21151,apartment,3,2,125.0,21,park,1,870000.0,YSM,Yasmin Suburb,Riyadh
671,2024-10-06,869000.0,0.0,cash,,Riyadh,YSM0378,YSM-03378,apartment,2,1,140.0,3,city,1,865000.0,YSM,Yasmin Suburb,Riyadh
676,2024-10-06,955000.0,0.0,bank_financing,Bank AlBilad,Riyadh,YSM0217,YSM-21217,apartment,2,1,150.0,21,city,2,950000.0,YSM,Yasmin Suburb,Riyadh
698,2024-10-06,703000.0,2.78,bank_financing,Banque Saudi Fransi,Riyadh,YSM0424,YSM-24424,apartment,3,2,110.0,24,street,1,719000.0,YSM,Yasmin Suburb,Riyadh
690,2024-10-07,1762000.0,1.43,bank_financing,Bank AlBilad,Dammam,YSM0435,YSM-435,townhouse,4,3,265.0,,city,2,1779000.0,YSM,Yasmin Suburb,Riyadh
693,2024-10-07,1779000.0,1.61,bank_financing,Al Rajhi Bank,Riyadh,YSM0189,YSM-189,townhouse,5,4,280.0,,street,2,1799000.0,YSM,Yasmin Suburb,Riyadh
291,2024-10-08,3205000.0,2.92,bank_financing,Bank AlBilad,Jeddah,CST0050,CST-05050,duplex,5,5,285.0,5,city,2,3220000.0,CST,Coast Towers,Jeddah
679,2024-10-08,944000.0,3.63,bank_financing,Banque Saudi Fransi,Riyadh,YSM0089,YSM-14089,apartment,3,2,145.0,14,city,1,975000.0,YSM,Yasmin Suburb,Riyadh
85,2024-10-09,2539000.0,2.58,bank_financing,Al Rajhi Bank,Riyadh,NRJ0179,NRJ-179,villa,5,5,325.0,,city,2,2504000.0,NRJ,Narjis Oasis,Riyadh
279,2024-10-09,4032000.0,0.0,cash,,Jeddah,CST0037,CST-06037,duplex,5,5,345.0,6,street,2,3933000.0,CST,Coast Towers,Jeddah
288,2024-10-09,3267000.0,5.17,bank_financing,Saudi National Bank,Jeddah,CST0290,CST-02290,duplex,4,4,270.0,2,park,2,3360000.0,CST,Coast Towers,Jeddah
687,2024-10-09,939000.0,0.0,bank_financing,Bank AlBilad,Riyadh,YSM0070,YSM-17070,apartment,3,2,145.0,17,street,1,934000.0,YSM,Yasmin Suburb,Riyadh
694,2024-10-09,1432000.0,2.36,bank_financing,Bank AlBilad,Riyadh,YSM0398,YSM-398,townhouse,3,2,220.0,,garden,2,1459000.0,YSM,Yasmin Suburb,Riyadh
81,2024-10-10,1850000.0,2.8,bank_financing,Al Rajhi Bank,Riyadh,NRJ0159,NRJ-159,townhouse,4,3,265.0,,park,2,1829000.0,NRJ,Narjis Oasis,Riyadh
290,2024-10-10,2904000.0,6.49,bank_financing,Banque Saudi Fransi,Dammam,CST0043,CST-15043,duplex,4,4,245.0,15,street,2,3029000.0,CST,Coast Towers,Jeddah
547,2024-10-10,2121000.0,1.81,bank_financing,Riyad Bank,Dammam,RWB0095,RWB-095,villa,4,4,385.0,,city,2,2025000.0,RWB,Al Rawabi District,Dammam
670,2024-10-10,1251000.0,1.82,bank_financing,Al Rajhi Bank,Dammam,YSM0118,YSM-21118,apartment,3,2,190.0,21,city,2,1268000.0,YSM,Yasmin Suburb,Riyadh
689,2024-10-10,1475000.0,2.11,bank_financing,Al Rajhi Bank,Riyadh,YSM0183,YSM-183,townhouse,3,2,230.0,,city,2,1499000.0,YSM,Yasmin Suburb,Riyadh
84,2024-10-11,1464000.0,2.08,bank_financing,Saudi National Bank,Riyadh,NRJ0220,NRJ-220,townhouse,3,2,220.0,,street,2,1437000.0,NRJ,Narjis Oasis,Riyadh
672,2024-10-11,889000.0,5.48,bank_financing,Bank AlBilad,Riyadh,YSM0249,YSM-09249,apartment,4,3,155.0,9,street,2,936000.0,YSM,Yasmin Suburb,Riyadh
695,2024-10-11,1013000.0,5.24,bank_financing,Al Rajhi Bank,Dammam,YSM0123,YSM-09123,apartment,3,2,170.0,9,park,2,1064000.0,YSM,Yasmin Suburb,Riyadh
545,2024-10-12,1449000.0,3.84,bank_financing,Banque Saudi Fransi,Dammam,RWB0245,RWB-11245,duplex,4,4,255.0,11,park,2,1412000.0,RWB,Al Rawabi District,Dammam
668,2024-10-12,1577000.0,3.19,bank_financing,Saudi National Bank,Riyadh,YSM0006,YSM-006,townhouse,4,3,240.0,,park,2,1621000.0,YSM,Yasmin Suburb,Riyadh
681,2024-10-12,1847000.0,2.83,cash,,Jeddah,YSM0491,YSM-491,townhouse,3,2,270.0,,street,2,1891000.0,YSM,Yasmin Suburb,Riyadh
684,2024-10-12,1374000.0,3.4,bank_financing,Saudi National Bank,Riyadh,YSM0456,YSM-456,townhouse,3,2,225.0,,city,2,1415000.0,YSM,Yasmin Suburb,Riyadh
696,2024-10-12,1889000.0,0.41,bank_financing,Saudi National Bank,Dammam,YSM0021,YSM-021,townhouse,4,3,290.0,,city,2,1887000.0,YSM,Yasmin Suburb,Riyadh
280,2024-10-13,3504000.0,2.0,cash,,Dammam,CST0279,CST-21279,duplex,5,5,290.0,21,street,2,3488000.0,CST,Coast Towers,Jeddah
546,2024-10-13,1982000.0,0.0,cash,,Dammam,RWB0139,RWB-07139,duplex,5,5,345.0,7,park,2,1858000.0,RWB,Al Rawabi District,Dammam
692,2024-10-14,1927000.0,1.16,bank_financing,Al Rajhi Bank,Riyadh,YSM0505,YSM-505,townhouse,5,4,300.0,,street,2,1940000.0,YSM,Yasmin Suburb,Riyadh
700,2024-10-14,1913000.0,0.37,bank_financing,Riyad Bank,Jeddah,YSM0282,YSM-282,townhouse,5,4,285.0,,city,2,1910000.0,YSM,Yasmin Suburb,Riyadh
285,2024-10-15,4217000.0,0.95,bank_financing,Banque Saudi Fransi,Jeddah,CST0271,CST-19271,duplex,5,5,355.0,19,garden,2,4153000.0,CST,Coast Towers,Jeddah
669,2024-10-15,1308000.0,0.55,bank_financing,Bank AlBilad,Riyadh,YSM0373,YSM-16373,apartment,4,3,200.0,16,garden,2,1309000.0,YSM,Yasmin Suburb,Riyadh
682,2024-10-15,1717000.0,3.0,bank_financing,Saudi National Bank,Dammam,YSM0106,YSM-106,townhouse,4,3,265.0,,street,2,1761000.0,YSM,Yasmin Suburb,Riyadh
701,2024-10-15,1961000.0,0.0,bank_financing,Bank AlBilad,Riyadh,YSM0276,YSM-276,townhouse,5,4,320.0,,garden,2,1951000.0,YSM,Yasmin Suburb,Riyadh
673,2024-10-16,2194000.0,2.22,cash,,Jeddah,YSM0007,YSM-007,townhouse,5,4,305.0,,park,2,2233000.0,YSM,Yasmin Suburb,Riyadh
674,2024-10-16,1992000.0,1.66,bank_financing,Saudi National Bank,Riyadh,YSM0053,YSM-053,townhouse,5,4,280.0,,garden,2,2016000.0,YSM,Yasmin Suburb,Riyadh
688,2024-10-16,901000.0,2.13,bank_financing,Bank AlBilad,Riyadh,YSM0425,YSM-01425,apartment,3,2,140.0,1,city,1,916000.0,YSM,Yasmin Suburb,Riyadh
289,2024-10-17,1533000.0,1.0,bank_financing,Al Rajhi Bank,Jeddah,CST0176,CST-20176,apartment,2,1,145.0,20,street,1,1510000.0,CST,Coast Towers,Jeddah
540,2024-10-17,2645000.0,1.03,bank_financing,Banque Saudi Fransi,Dammam,RWB0148,RWB-148,villa,6,6,480.0,,street,2,2505000.0,RWB,Al Rawabi District,Dammam
678,2024-10-17,1592000.0,4.49,bank_financing,Riyad Bank,Jeddah,YSM0515,YSM-515,townhouse,5,4,250.0,,street,2,1659000.0,YSM,Yasmin Suburb,Riyadh
286,2024-10-18,3534000.0,5.35,bank_financing,Riyad Bank,Dammam,CST0111,CST-02111,duplex,4,4,315.0,2,park,2,3642000.0,CST,Coast Towers,Jeddah
542,2024-10-19,2011000.0,0.0,bank_financing,Bank AlBilad,Dammam,RWB0005,RWB-04005,duplex,5,5,355.0,4,city,2,1885000.0,RWB,Al Rawabi District,Dammam
691,2024-10-20,1694000.0,3.69,bank_financing,Banque Saudi Fransi,Dammam,YSM0180,YSM-180,townhouse,4,3,260.0,,city,2,1750000.0,YSM,Yasmin Suburb,Riyadh
699,2024-10-20,1346000.0,0.73,cash,,Jeddah,YSM0009,YSM-06009,apartment,3,2,205.0,6,park,2,1349000.0,YSM,Yasmin Suburb,Riyadh
86,2024-10-21,1918000.0,3.53,cash,,Riyadh,NRJ0294,NRJ-294,townhouse,5,4,275.0,,park,2,1910000.0,NRJ,Narjis Oasis,Riyadh
287,2024-10-21,1297000.0,1.35,cash,,Jeddah,CST0074,CST-04074,apartment,2,1,125.0,4,park,1,1282000.0,CST,Coast Towers,Jeddah
677,2024-10-22,1261000.0,1.49,bank_financing,Al Rajhi Bank,Dammam,YSM0395,YSM-19395,apartment,2,1,175.0,19,garden,2,1274000.0,YSM,Yasmin Suburb,Riyadh
83,2024-10-23,2216000.0,1.14,bank_financing,Al Rajhi Bank,Dammam,NRJ0174,NRJ-174,townhouse,5,4,300.0,,garden,2,2154000.0,NRJ,Narjis Oasis,Riyadh
666,2024-10-23,1840000.0,2.51,bank_financing,Banque Saudi Fransi,Riyadh,YSM0332,YSM-332,townhouse,4,3,285.0,,city,2,1878000.0,YSM,Yasmin Suburb,Riyadh
683,2024-10-23,1961000.0,3.03,cash,,Riyadh,YSM0073,YSM-073,townhouse,5,4,315.0,,street,2,2012000.0,YSM,Yasmin Suburb,Riyadh
278,2024-10-24,3752000.0,0.0,bank_financing,Bank AlBilad,Jeddah,CST0138,CST-01138,duplex,5,5,320.0,1,garden,2,3660000.0,CST,Coast Towers,Jeddah
281,2024-10-24,2845000.0,1.88,cash,,Riyadh,CST0388,CST-10388,duplex,4,4,245.0,10,city,2,2828000.0,CST,Coast Towers,Jeddah
667,2024-10-24,1119000.0,2.79,bank_financing,Riyad Bank,Riyadh,YSM0510,YSM-19510,apartment,3,2,170.0,19,garden,2,1145000.0,YSM,Yasmin Suburb,Riyadh
685,2024-10-24,1460000.0,2.74,bank_financing,Riyad Bank,Riyadh,YSM0462,YSM-462,townhouse,3,2,230.0,,street,2,1494000.0,YSM,Yasmin Suburb,Riyadh
675,2024-10-25,951000.0,2.99,bank_financing,Banque Saudi Fransi,Dammam,YSM0434,YSM-12434,apartment,3,2,165.0,12,street,2,975000.0,YSM,Yasmin Suburb,Riyadh
282,2024-10-26,2081000.0,0.69,cash,,Jeddah,CST0130,CST-18130,apartment,3,2,200.0,18,street,2,2044000.0,CST,Coast Towers,Jeddah
283,2024-10-26,3361000.0,1.06,cash,,Jeddah,CST0187,CST-24187,duplex,4,4,260.0,24,garden,2,3313000.0,CST,Coast Towers,Jeddah
284,2024-10-26,4046000.0,4.42,cash,,Riyadh,CST0172,CST-16172,duplex,4,4,325.0,16,garden,2,4129000.0,CST,Coast Towers,Jeddah
544,2024-10-27,1888000.0,2.56,bank_financing,Banque Saudi Fransi,Jeddah,RWB0022,RWB-03022,duplex,4,4,325.0,3,park,2,1816000.0,RWB,Al Rawabi District,Dammam
680,2024-10-27,1925000.0,2.17,bank_financing,Riyad Bank,Riyadh,YSM0067,YSM-067,townhouse,4,3,315.0,,street,2,1958000.0,YSM,Yasmin Suburb,Riyadh
91,2024-11-01,1820000.0,0.93,bank_financing,Al Rajhi Bank,Jeddah,NRJ0224,NRJ-224,townhouse,4,3,240.0,,park,2,1756000.0,NRJ,Narjis Oasis,Riyadh
293,2024-11-02,4021000.0,2.49,bank_financing,Banque Saudi Fransi,Jeddah,CST0159,CST-23159,duplex,4,4,320.0,23,city,2,4002000.0,CST,Coast Towers,Jeddah
295,2024-11-02,4054000.0,1.67,bank_financing,Bank AlBilad,Riyadh,CST0335,CST-03335,duplex,4,4,335.0,3,garden,2,4001000.0,CST,Coast Towers,Jeddah
716,2024-11-03,1640000.0,1.65,bank_financing,Al Rajhi Bank,Riyadh,YSM0446,YSM-446,townhouse,3,2,235.0,,park,2,1651000.0,YSM,Yasmin Suburb,Riyadh
89,2024-11-04,1713000.0,3.18,bank_financing,Banque Saudi Fransi,Riyadh,NRJ0137,NRJ-137,townhouse,4,3,270.0,,street,2,1692000.0,NRJ,Narjis Oasis,Riyadh
302,2024-11-04,3399000.0,3.52,cash,,Jeddah,CST0174,CST-09174,duplex,4,4,295.0,9,street,2,3419000.0,CST,Coast Towers,Jeddah
708,2024-11-04,960000.0,2.37,bank_financing,Riyad Bank,Riyadh,YSM0520,YSM-22520,apartment,3,2,155.0,22,city,2,974000.0,YSM,Yasmin Suburb,Riyadh
717,2024-11-04,938000.0,0.98,bank_financing,Riyad Bank,Jeddah,YSM0018,YSM-19018,apartment,3,2,150.0,19,city,2,938000.0,YSM,Yasmin Suburb,Riyadh
713,2024-11-05,2040000.0,0.0,cash,,Dammam,YSM0056,YSM-056,townhouse,5,4,290.0,,park,2,2020000.0,YSM,Yasmin Suburb,Riyadh
715,2024-11-05,973000.0,4.33,bank_financing,Saudi National Bank,Jeddah,YSM0036,YSM-15036,apartment,3,2,145.0,15,park,1,1007000.0,YSM,Yasmin Suburb,Riyadh
550,2024-11-06,1672000.0,0.11,cash,,Riyadh,RWB0255,RWB-07255,duplex,4,4,310.0,7,street,2,1561000.0,RWB,Al Rawabi District,Dammam
720,2024-11-06,2065000.0,0.84,bank_financing,Bank AlBilad,Jeddah,YSM0275,YSM-275,townhouse,4,3,305.0,,street,2,2062000.0,YSM,Yasmin Suburb,Riyadh
721,2024-11-06,2330000.0,0.8,bank_financing,Bank AlBilad,Dammam,YSM0041,YSM-041,townhouse,4,3,310.0,,park,2,2325000.0,YSM,Yasmin Suburb,Riyadh
296,2024-11-07,1876000.0,0.22,bank_financing,Bank AlBilad,Riyadh,CST0204,CST-11204,apartment,3,2,165.0,11,garden,2,1825000.0,CST,Coast Towers,Jeddah
548,2024-11-07,2242000.0,2.51,bank_financing,Al Rajhi Bank,Dammam,RWB0128,RWB-128,villa,4,4,395.0,,park,2,2145000.0,RWB,Al Rawabi District,Dammam
292,2024-11-08,1720000.0,0.43,bank_financing,Banque Saudi Fransi,Riyadh,CST0348,CST-22348,apartment,3,2,155.0,22,garden,2,1677000.0,CST,Coast Towers,Jeddah
301,2024-11-09,2143000.0,3.39,cash,,Jeddah,CST0142,CST-11142,apartment,3,2,205.0,11,park,2,2153000.0,CST,Coast Towers,Jeddah
710,2024-11-09,1093000.0,5.08,cash,,Riyadh,YSM0136,YSM-18136,apartment,2,1,170.0,18,garden,2,1140000.0,YSM,Yasmin Suburb,Riyadh
711,2024-11-09,1779000.0,0.0,bank_financing,Al Rajhi Bank,Riyadh,YSM0509,YSM-509,townhouse,3,2,270.0,,garden,2,1761000.0,YSM,Yasmin Suburb,Riyadh
93,2024-11-10,3803000.0,2.32,bank_financing,Al Rajhi Bank,Dammam,NRJ0330,NRJ-330,villa,6,6,450.0,,city,2,3722000.0,NRJ,Narjis Oasis,Riyadh
724,2024-11-10,962000.0,2.85,cash,,Dammam,YSM0130,YSM-13130,apartment,3,2,155.0,13,street,2,980000.0,YSM,Yasmin Suburb,Riyadh
298,2024-11-11,1266000.0,2.57,bank_financing,Saudi National Bank,Jeddah,CST0170,CST-02170,apartment,2,1,125.0,2,street,1,1261000.0,CST,Coast Towers,Jeddah
553,2024-11-11,1902000.0,1.17,bank_financing,Al Rajhi Bank,Dammam,RWB0032,RWB-032,villa,4,4,320.0,,park,2,1795000.0,RWB,Al Rawabi District,Dammam
709,2024-11-12,1874000.0,2.31,cash,,Riyadh,YSM0003,YSM-003,townhouse,4,3,285.0,,city,2,1899000.0,YSM,Yasmin Suburb,Riyadh
549,2024-11-13,2027000.0,1.68,bank_financing,Riyad Bank,Dammam,RWB0208,RWB-208,villa,4,4,325.0,,city,2,1923000.0,RWB,Al Rawabi District,Dammam
702,2024-11-13,2050000.0,3.19,bank_financing,Al Rajhi Bank,Jeddah,YSM0111,YSM-111,townhouse,5,4,310.0,,city,2,2096000.0,YSM,Yasmin Suburb,Riyadh
294,2024-11-14,1713000.0,2.11,cash,,Jeddah,CST0093,CST-05093,apartment,3,2,165.0,5,street,2,1698000.0,CST,Coast Towers,Jeddah
704,2024-11-15,1667000.0,0.92,bank_financing,Al Rajhi Bank,Dammam,YSM0255,YSM-255,townhouse,3,2,260.0,,city,2,1666000.0,YSM,Yasmin Suburb,Riyadh
707,2024-11-15,1179000.0,0.05,bank_financing,Saudi National Bank,Riyadh,YSM0310,YSM-23310,apartment,3,2,175.0,23,city,2,1168000.0,YSM,Yasmin Suburb,Riyadh
722,2024-11-15,1580000.0,3.64,bank_financing,Bank AlBilad,Riyadh,YSM0492,YSM-492,townhouse,3,2,240.0,,garden,2,1623000.0,YSM,Yasmin Suburb,Riyadh
299,2024-11-18,2239000.0,1.34,bank_financing,Bank AlBilad,Jeddah,CST0211,CST-23211,apartment,4,3,195.0,23,street,2,2203000.0,CST,Coast Towers,Jeddah
718,2024-11-18,968000.0,2.21,bank_financing,Al Rajhi Bank,Jeddah,YSM0084,YSM-12084,apartment,3,2,140.0,12,park,1,980000.0,YSM,Yasmin Suburb,Riyadh
300,2024-11-19,1583000.0,3.79,bank_financing,Al Rajhi Bank,Dammam,CST0113,CST-21113,apartment,3,2,135.0,21,park,1,1597000.0,CST,Coast Towers,Jeddah
551,2024-11-19,1638000.0,4.26,cash,,Dammam,RWB0175,RWB-10175,duplex,4,4,285.0,10,garden,2,1596000.0,RWB,Al Rawabi District,Dammam
552,2024-11-19,2390000.0,0.0,bank_financing,Bank AlBilad,Riyadh,RWB0033,RWB-033,villa,5,5,400.0,,garden,2,2229000.0,RWB,Al Rawabi District,Dammam
703,2024-11-19,1100000.0,1.31,bank_financing,Banque Saudi Fransi,Dammam,YSM0015,YSM-24015,apartment,3,2,165.0,24,street,2,1104000.0,YSM,Yasmin Suburb,Riyadh
714,2024-11-19,1995000.0,2.65,bank_financing,Bank AlBilad,Riyadh,YSM0284,YSM-284,townhouse,5,4,300.0,,city,2,2029000.0,YSM,Yasmin Suburb,Riyadh
88,2024-11-21,3330000.0,2.94,cash,,Riyadh,NRJ0223,NRJ-223,villa,5,5,440.0,,park,2,3280000.0,NRJ,Narjis Oasis,Riyadh
92,2024-11-21,1926000.0,1.23,bank_financing,Riyad Bank,Dammam,NRJ0085,NRJ-085,townhouse,4,3,260.0,,city,2,1864000.0,NRJ,Narjis Oasis,Riyadh
297,2024-11-21,1820000.0,0.0,bank_financing,Riyad Bank,Jeddah,CST0267,CST-17267,apartment,3,2,160.0,17,city,2,1766000.0,CST,Coast Towers,Jeddah
303,2024-11-21,4018000.0,1.59,bank_financing,Banque Saudi Fransi,Dammam,CST0052,CST-15052,duplex,5,5,330.0,15,city,2,3962000.0,CST,Coast Towers,Jeddah
719,2024-11-21,1840000.0,3.64,bank_financing,Bank AlBilad,Dammam,YSM0302,YSM-302,townhouse,3,2,290.0,,street,2,1891000.0,YSM,Yasmin Suburb,Riyadh
87,2024-11-22,1837000.0,1.06,cash,,Riyadh,NRJ0138,NRJ-138,townhouse,4,3,260.0,,garden,2,1775000.0,NRJ,Narjis Oasis,Riyadh
706,2024-11-22,1565000.0,5.6,bank_financing,Riyad Bank,Jeddah,YSM0166,YSM-166,townhouse,4,3,245.0,,garden,2,1641000.0,YSM,Yasmin Suburb,Riyadh
705,2024-11-24,1855000.0,2.46,cash,,Riyadh,YSM0065,YSM-065,townhouse,3,2,255.0,,garden,2,1883000.0,YSM,Yasmin Suburb,Riyadh
723,2024-11-24,813000.0,0.0,cash,,Riyadh,YSM0050,YSM-11050,apartment,3,2,120.0,11,park,1,805000.0,YSM,Yasmin Suburb,Riyadh
90,2024-11-26,2740000.0,0.0,cash,,Jeddah,NRJ0338,NRJ-338,villa,4,4,345.0,,city,2,2620000.0,NRJ,Narjis Oasis,Riyadh
712,2024-11-27,1522000.0,0.03,bank_financing,Banque Saudi Fransi,Riyadh,YSM0226,YSM-226,townhouse,3,2,235.0,,city,2,1507000.0,YSM,Yasmin Suburb,Riyadh
308,2024-12-01,1509000.0,2.21,cash,,Jeddah,CST0128,CST-04128,apartment,4,3,145.0,4,garden,1,1490000.0,CST,Coast Towers,Jeddah
309,2024-12-01,1775000.0,3.58,bank_financing,Riyad Bank,Jeddah,CST0296,CST-23296,apartment,3,2,160.0,23,street,2,1778000.0,CST,Coast Towers,Jeddah
727,2024-12-01,745000.0,0.52,cash,,Riyadh,YSM0232,YSM-09232,apartment,3,2,120.0,9,city,1,738000.0,YSM,Yasmin Suburb,Riyadh
734,2024-12-01,944000.0,1.91,cash,,Dammam,YSM0290,YSM-24290,apartment,3,2,140.0,24,garden,1,948000.0,YSM,Yasmin Suburb,Riyadh
94,2024-12-02,2656000.0,3.37,bank_financing,Bank AlBilad,Riyadh,NRJ0247,NRJ-247,villa,4,4,340.0,,garden,2,2615000.0,NRJ,Narjis Oasis,Riyadh
97,2024-12-02,4301000.0,2.1,bank_financing,Riyad Bank,Riyadh,NRJ0031,NRJ-031,villa,5,5,510.0,,park,2,4180000.0,NRJ,Narjis Oasis,Riyadh
741,2024-12-02,1043000.0,0.0,bank_financing,Bank AlBilad,Jeddah,YSM0061,YSM-20061,apartment,3,2,140.0,20,park,1,1028000.0,YSM,Yasmin Suburb,Riyadh
313,2024-12-03,1834000.0,3.36,bank_financing,Saudi National Bank,Dammam,CST0095,CST-16095,apartment,2,1,145.0,16,sea,1,1833000.0,CST,Coast Towers,Jeddah
735,2024-12-04,1065000.0,3.27,cash,,Riyadh,YSM0372,YSM-10372,apartment,3,2,160.0,10,park,2,1085000.0,YSM,Yasmin Suburb,Riyadh
98,2024-12-05,1887000.0,5.31,bank_financing,Riyad Bank,Riyadh,NRJ0253,NRJ-253,townhouse,4,3,270.0,,garden,2,1896000.0,NRJ,Narjis Oasis,Riyadh
314,2024-12-06,1023000.0,1.84,cash,,Jeddah,CST0143,CST-05143,apartment,2,1,100.0,5,city,1,1006000.0,CST,Coast Towers,Jeddah
558,2024-12-06,1638000.0,0.0,bank_financing,Al Rajhi Bank,Dammam,RWB0140,RWB-04140,duplex,4,4,285.0,4,garden,2,1520000.0,RWB,Al Rawabi District,Dammam
726,2024-12-06,746000.0,3.1,bank_financing,Bank AlBilad,Dammam,YSM0074,YSM-08074,apartment,2,1,120.0,8,park,1,758000.0,YSM,Yasmin Suburb,Riyadh
729,2024-12-06,1482000.0,4.07,bank_financing,Riyad Bank,Riyadh,YSM0028,YSM-028,townhouse,3,2,225.0,,park,2,1522000.0,YSM,Yasmin Suburb,Riyadh
556,2024-12-07,1704000.0,2.45,bank_financing,Riyad Bank,Dammam,RWB0142,RWB-11142,duplex,4,4,325.0,11,street,2,1621000.0,RWB,Al Rawabi District,Dammam
732,2024-12-07,1779000.0,0.0,bank_financing,Al Rajhi Bank,Dammam,YSM0288,YSM-288,townhouse,4,3,275.0,,street,2,1753000.0,YSM,Yasmin Suburb,Riyadh
304,2024-12-08,4105000.0,0.0,bank_financing,Bank AlBilad,Riyadh,CST0302,CST-12302,duplex,5,5,325.0,12,street,2,3964000.0,CST,Coast Towers,Jeddah
310,2024-12-09,3639000.0,4.14,bank_financing,Saudi National Bank,Riyadh,CST0259,CST-18259,duplex,5,5,320.0,18,park,2,3666000.0,CST,Coast Towers,Jeddah
728,2024-12-09,880000.0,1.38,bank_financing,Saudi National Bank,Riyadh,YSM0005,YSM-11005,apartment,3,2,140.0,11,park,1,879000.0,YSM,Yasmin Suburb,Riyadh
103,2024-12-10,2113000.0,0.92,bank_financing,Riyad Bank,Riyadh,NRJ0187,NRJ-187,townhouse,5,4,290.0,,park,2,2029000.0,NRJ,Narjis Oasis,Riyadh
305,2024-12-10,2424000.0,1.06,bank_financing,Al Rajhi Bank,Jeddah,CST0191,CST-06191,apartment,4,3,210.0,6,park,2,2366000.0,CST,Coast Towers,Jeddah
736,2024-12-10,1663000.0,1.04,bank_financing,Al Rajhi Bank,Riyadh,YSM0146,YSM-146,townhouse,4,3,245.0,,park,2,1655000.0,YSM,Yasmin Suburb,Riyadh
315,2024-12-13,4025000.0,3.11,bank_financing,Saudi National Bank,Jeddah,CST0078,CST-05078,duplex,5,5,325.0,5,street,2,4012000.0,CST,Coast Towers,Jeddah
739,2024-12-13,984000.0,4.38,bank_financing,Al Rajhi Bank,Riyadh,YSM0483,YSM-18483,apartment,3,2,150.0,18,park,2,1014000.0,YSM,Yasmin Suburb,Riyadh
99,2024-12-14,3126000.0,2.15,cash,,Riyadh,NRJ0004,NRJ-004,villa,4,4,410.0,,city,2,3039000.0,NRJ,Narjis Oasis,Riyadh
554,2024-12-14,1508000.0,0.91,bank_financing,Riyad Bank,Dammam,RWB0130,RWB-23130,duplex,4,4,245.0,23,city,2,1412000.0,RWB,Al Rawabi District,Dammam
557,2024-12-15,2185000.0,1.8,bank_financing,Banque Saudi Fransi,Riyadh,RWB0244,RWB-244,villa,4,4,380.0,,garden,2,2065000.0,RWB,Al Rawabi District,Dammam
738,2024-12-15,1782000.0,1.72,bank_financing,Saudi National Bank,Jeddah,YSM0293,YSM-293,townhouse,4,3,265.0,,city,2,1786000.0,YSM,Yasmin Suburb,Riyadh
742,2024-12-15,1223000.0,3.56,bank_financing,Banque Saudi Fransi,Riyadh,YSM0230,YSM-21230,apartment,4,3,195.0,21,street,2,1249000.0,YSM,Yasmin Suburb,Riyadh
102,2024-12-16,2640000.0,1.86,cash,,Riyadh,NRJ0169,NRJ-169,villa,5,5,360.0,,garden,2,2559000.0,NRJ,Narjis Oasis,Riyadh
555,2024-12-16,1865000.0,0.88,cash,,Dammam,RWB0256,RWB-16256,duplex,5,5,310.0,16,garden,2,1746000.0,RWB,Al Rawabi District,Dammam
725,2024-12-16,827000.0,1.81,bank_financing,Bank AlBilad,Jeddah,YSM0038,YSM-19038,apartment,3,2,130.0,19,street,1,830000.0,YSM,Yasmin Suburb,Riyadh
731,2024-12-17,1888000.0,1.51,bank_financing,Riyad Bank,Riyadh,YSM0337,YSM-337,townhouse,4,3,285.0,,city,2,1889000.0,YSM,Yasmin Suburb,Riyadh
559,2024-12-18,2112000.0,2.65,cash,,Dammam,RWB0135,RWB-135,villa,5,5,375.0,,city,2,2013000.0,RWB,Al Rawabi District,Dammam
733,2024-12-19,2078000.0,2.52,bank_financing,Riyad Bank,Riyadh,YSM0500,YSM-500,townhouse,4,3,300.0,,garden,2,2100000.0,YSM,Yasmin Suburb,Riyadh
743,2024-12-21,1730000.0,0.0,bank_financing,Al Rajhi Bank,Jeddah,YSM0212,YSM-212,townhouse,4,3,250.0,,garden,2,1704000.0,YSM,Yasmin Suburb,Riyadh
100,2024-12-22,2539000.0,2.49,cash,,Riyadh,NRJ0230,NRJ-230,villa,4,4,325.0,,garden,2,2477000.0,NRJ,Narjis Oasis,Riyadh
730,2024-12-22,1100000.0,0.0,bank_financing,Banque Saudi Fransi,Riyadh,YSM0422,YSM-15422,apartment,3,2,165.0,15,park,2,1084000.0,YSM,Yasmin Suburb,Riyadh
95,2024-12-23,1585000.0,2.09,bank_financing,Riyad Bank,Dammam,NRJ0275,NRJ-275,townhouse,3,2,240.0,,park,2,1540000.0,NRJ,Narjis Oasis,Riyadh
306,2024-12-23,3327000.0,0.9,cash,,Jeddah,CST0329,CST-13329,duplex,5,5,295.0,13,street,2,3242000.0,CST,Coast Towers,Jeddah
311,2024-12-23,2408000.0,3.18,bank_financing,Bank AlBilad,Jeddah,CST0193,CST-11193,apartment,3,2,200.0,11,sea,2,2402000.0,CST,Coast Towers,Jeddah
740,2024-12-23,1082000.0,1.01,cash,,Riyadh,YSM0020,YSM-01020,apartment,3,2,175.0,1,city,2,1077000.0,YSM,Yasmin Suburb,Riyadh
737,2024-12-24,1800000.0,2.07,bank_financing,Bank AlBilad,Jeddah,YSM0202,YSM-202,townhouse,5,4,295.0,,street,2,1811000.0,YSM,Yasmin Suburb,Riyadh
744,2024-12-24,1817000.0,1.98,bank_financing,Al Rajhi Bank,Dammam,YSM0099,YSM-099,townhouse,4,3,260.0,,park,2,1826000.0,YSM,Yasmin Suburb,Riyadh
96,2024-12-25,2953000.0,3.16,bank_financing,Banque Saudi Fransi,Riyadh,NRJ0234,NRJ-234,villa,4,4,370.0,,street,2,2901000.0,NRJ,Narjis Oasis,Riyadh
101,2024-12-26,3073000.0,3.27,cash,,Riyadh,NRJ0163,NRJ-163,villa,5,5,405.0,,garden,2,3022000.0,NRJ,Narjis Oasis,Riyadh
307,2024-12-26,1271000.0,0.95,cash,,Jeddah,CST0321,CST-01321,apartment,3,2,105.0,1,sea,1,1239000.0,CST,Coast Towers,Jeddah
312,2024-12-26,2266000.0,0.0,cash,,Riyadh,CST0320,CST-22320,apartment,3,2,195.0,22,street,2,2188000.0,CST,Coast Towers,Jeddah
1007,2025-01-01,2570000.0,1.27,bank_financing,Bank AlBilad,Jeddah,KHM0013,KHM-06013,duplex,4,4,240.0,6,park,2,2603000.0,KHM,Khobar Marina,Al Khobar
1028,2025-01-01,1737000.0,0.86,bank_financing,Bank AlBilad,Al Khobar,KHM0072,KHM-04072,apartment,3,2,175.0,4,sea,2,1752000.0,KHM,Khobar Marina,Al Khobar
1011,2025-01-02,3519000.0,0.0,cash,,Al Khobar,KHM0123,KHM-03123,duplex,4,4,330.0,3,city,2,3519000.0,KHM,Khobar Marina,Al Khobar
1029,2025-01-02,902000.0,2.93,cash,,Dammam,KHM0007,KHM-06007,apartment,2,1,110.0,6,street,1,929000.0,KHM,Khobar Marina,Al Khobar
110,2025-01-03,2186000.0,6.22,cash,,Dammam,NRJ0250,NRJ-250,townhouse,5,4,320.0,,street,2,2207000.0,NRJ,Narjis Oasis,Riyadh
320,2025-01-03,1719000.0,0.58,bank_financing,Banque Saudi Fransi,Jeddah,CST0030,CST-03030,apartment,4,3,155.0,3,garden,2,1661000.0,CST,Coast Towers,Jeddah
1012,2025-01-03,2430000.0,1.98,bank_financing,Banque Saudi Fransi,Dammam,KHM0174,KHM-15174,duplex,4,4,250.0,15,park,2,2479000.0,KHM,Khobar Marina,Al Khobar
107,2025-01-04,2139000.0,3.02,bank_financing,Riyad Bank,Riyadh,NRJ0056,NRJ-056,townhouse,3,2,285.0,,street,2,2088000.0,NRJ,Narjis Oasis,Riyadh
318,2025-01-04,1495000.0,4.96,bank_financing,Riyad Bank,Jeddah,CST0124,CST-24124,apartment,3,2,135.0,24,city,1,1512000.0,CST,Coast Towers,Jeddah
324,2025-01-04,2051000.0,0.85,cash,,Riyadh,CST0173,CST-05173,apartment,3,2,185.0,5,garden,2,1988000.0,CST,Coast Towers,Jeddah
751,2025-01-04,729000.0,0.68,bank_financing,Saudi National Bank,Riyadh,YSM0205,YSM-08205,apartment,3,2,110.0,8,park,1,719000.0,YSM,Yasmin Suburb,Riyadh
108,2025-01-05,2327000.0,0.58,cash,,Riyadh,NRJ0146,NRJ-146,townhouse,4,3,310.0,,garden,2,2216000.0,NRJ,Narjis Oasis,Riyadh
319,2025-01-05,1334000.0,0.51,cash,,Jeddah,CST0275,CST-18275,apartment,2,1,110.0,18,garden,1,1288000.0,CST,Coast Towers,Jeddah
762,2025-01-05,2025000.0,1.19,bank_financing,Banque Saudi Fransi,Dammam,YSM0163,YSM-163,townhouse,4,3,285.0,,city,2,2009000.0,YSM,Yasmin Suburb,Riyadh
1008,2025-01-05,1294000.0,3.67,cash,,Al Khobar,KHM0035,KHM-03035,apartment,4,3,155.0,3,sea,2,1343000.0,KHM,Khobar Marina,Al Khobar
1006,2025-01-07,1895000.0,0.98,bank_financing,Bank AlBilad,Al Khobar,KHM0179,KHM-15179,apartment,4,3,205.0,15,garden,2,1914000.0,KHM,Khobar Marina,Al Khobar
1016,2025-01-07,1154000.0,5.2,cash,,Riyadh,KHM0268,KHM-21268,apartment,2,1,135.0,21,city,1,1217000.0,KHM,Khobar Marina,Al Khobar
1021,2025-01-07,1369000.0,2.61,bank_financing,Saudi National Bank,Riyadh,KHM0070,KHM-18070,apartment,3,2,155.0,18,garden,2,1406000.0,KHM,Khobar Marina,Al Khobar
1024,2025-01-07,3340000.0,0.0,bank_financing,Saudi National Bank,Riyadh,KHM0088,KHM-19088,duplex,5,5,315.0,19,street,2,3340000.0,KHM,Khobar Marina,Al Khobar
105,2025-01-08,1724000.0,3.1,bank_financing,Saudi National Bank,Riyadh,NRJ0039,NRJ-039,townhouse,3,2,245.0,,garden,2,1684000.0,NRJ,Narjis Oasis,Riyadh
560,2025-01-08,2018000.0,1.31,bank_financing,Saudi National Bank,Dammam,RWB0151,RWB-151,villa,4,4,340.0,,city,2,1888000.0,RWB,Al Rawabi District,Dammam
758,2025-01-08,1223000.0,0.62,bank_financing,Bank AlBilad,Riyadh,YSM0002,YSM-14002,apartment,4,3,190.0,14,garden,2,1206000.0,YSM,Yasmin Suburb,Riyadh
109,2025-01-09,2562000.0,2.95,cash,,Dammam,NRJ0188,NRJ-188,villa,4,4,360.0,,street,2,2499000.0,NRJ,Narjis Oasis,Riyadh
316,2025-01-09,2013000.0,1.07,bank_financing,Saudi National Bank,Riyadh,CST0094,CST-04094,apartment,4,3,165.0,4,park,2,1955000.0,CST,Coast Towers,Jeddah
755,2025-01-09,1830000.0,3.76,bank_financing,Riyad Bank,Riyadh,YSM0391,YSM-391,townhouse,5,4,290.0,,garden,2,1864000.0,YSM,Yasmin Suburb,Riyadh
1010,2025-01-09,3605000.0,0.52,bank_financing,Banque Saudi Fransi,Al Khobar,KHM0274,KHM-20274,duplex,5,5,360.0,20,street,2,3624000.0,KHM,Khobar Marina,Al Khobar
1018,2025-01-09,3356000.0,3.11,cash,,Jeddah,KHM0275,KHM-04275,duplex,5,5,335.0,4,park,2,3464000.0,KHM,Khobar Marina,Al Khobar
1013,2025-01-10,2405000.0,2.14,bank_financing,Banque Saudi Fransi,Al Khobar,KHM0284,KHM-12284,duplex,4,4,280.0,12,street,2,2458000.0,KHM,Khobar Marina,Al Khobar
563,2025-01-11,2678000.0,6.68,bank_financing,Bank AlBilad,Dammam,RWB0057,RWB-057,villa,5,5,505.0,,city,2,2649000.0,RWB,Al Rawabi District,Dammam
564,2025-01-11,1728000.0,0.54,bank_financing,Saudi National Bank,Jeddah,RWB0006,RWB-07006,duplex,4,4,310.0,7,park,2,1604000.0,RWB,Al Rawabi District,Dammam
752,2025-01-11,1268000.0,2.47,bank_financing,Al Rajhi Bank,Riyadh,YSM0112,YSM-09112,apartment,3,2,200.0,9,garden,2,1274000.0,YSM,Yasmin Suburb,Riyadh
1026,2025-01-11,2893000.0,2.51,cash,,Jeddah,KHM0057,KHM-11057,duplex,4,4,275.0,11,sea,2,2968000.0,KHM,Khobar Marina,Al Khobar
1032,2025-01-11,3624000.0,3.62,cash,,Riyadh,KHM0289,KHM-14289,duplex,5,5,335.0,14,garden,2,3760000.0,KHM,Khobar Marina,Al Khobar
1033,2025-01-11,3372000.0,0.0,bank_financing,Saudi National Bank,Dammam,KHM0048,KHM-23048,duplex,5,5,325.0,23,street,2,3372000.0,KHM,Khobar Marina,Al Khobar
562,2025-01-12,1330000.0,4.33,bank_financing,Al Rajhi Bank,Riyadh,RWB0178,RWB-04178,duplex,4,4,250.0,4,city,2,1284000.0,RWB,Al Rawabi District,Dammam
322,2025-01-13,1221000.0,5.64,bank_financing,Al Rajhi Bank,Dammam,CST0070,CST-04070,apartment,3,2,125.0,4,street,1,1243000.0,CST,Coast Towers,Jeddah
750,2025-01-13,1304000.0,2.41,bank_financing,Riyad Bank,Riyadh,YSM0034,YSM-23034,apartment,3,2,180.0,23,city,2,1310000.0,YSM,Yasmin Suburb,Riyadh
1034,2025-01-13,1060000.0,2.31,cash,,Al Khobar,KHM0041,KHM-14041,apartment,2,1,120.0,14,garden,1,1085000.0,KHM,Khobar Marina,Al Khobar
323,2025-01-14,1482000.0,0.89,bank_financing,Bank AlBilad,Dammam,CST0154,CST-07154,apartment,2,1,130.0,7,city,1,1437000.0,CST,Coast Towers,Jeddah
749,2025-01-14,1859000.0,1.65,bank_financing,Banque Saudi Fransi,Dammam,YSM0496,YSM-496,townhouse,4,3,295.0,,garden,2,1853000.0,YSM,Yasmin Suburb,Riyadh
761,2025-01-14,1901000.0,0.41,cash,,Dammam,YSM0336,YSM-336,townhouse,5,4,275.0,,park,2,1871000.0,YSM,Yasmin Suburb,Riyadh
1020,2025-01-14,1205000.0,3.47,bank_financing,Saudi National Bank,Al Khobar,KHM0304,KHM-04304,apartment,2,1,135.0,4,garden,1,1248000.0,KHM,Khobar Marina,Al Khobar
1031,2025-01-14,1205000.0,1.97,bank_financing,Bank AlBilad,Al Khobar,KHM0077,KHM-13077,apartment,3,2,140.0,13,city,1,1229000.0,KHM,Khobar Marina,Al Khobar
561,2025-01-15,1924000.0,4.58,cash,,Dammam,RWB0046,RWB-046,villa,5,5,345.0,,city,2,1862000.0,RWB,Al Rawabi District,Dammam
746,2025-01-15,996000.0,2.42,bank_financing,Saudi National Bank,Riyadh,YSM0254,YSM-12254,apartment,3,2,150.0,12,garden,2,1001000.0,YSM,Yasmin Suburb,Riyadh
759,2025-01-15,1765000.0,5.92,cash,,Jeddah,YSM0079,YSM-079,townhouse,5,4,260.0,,garden,2,1839000.0,YSM,Yasmin Suburb,Riyadh
1030,2025-01-15,3046000.0,2.32,bank_financing,Bank AlBilad,Dammam,KHM0283,KHM-02283,duplex,5,5,320.0,2,garden,2,3118000.0,KHM,Khobar Marina,Al Khobar
1015,2025-01-16,977000.0,4.07,bank_financing,Bank AlBilad,Al Khobar,KHM0266,KHM-16266,apartment,3,2,110.0,16,street,1,1018000.0,KHM,Khobar Marina,Al Khobar
104,2025-01-17,1859000.0,3.4,bank_financing,Riyad Bank,Riyadh,NRJ0105,NRJ-105,townhouse,4,3,280.0,,street,2,1822000.0,NRJ,Narjis Oasis,Riyadh
565,2025-01-18,1632000.0,1.12,bank_financing,Banque Saudi Fransi,Dammam,RWB0101,RWB-09101,duplex,5,5,290.0,9,city,2,1524000.0,RWB,Al Rawabi District,Dammam
317,2025-01-19,1601000.0,0.0,bank_financing,Banque Saudi Fransi,Jeddah,CST0219,CST-06219,apartment,3,2,140.0,6,garden,1,1538000.0,CST,Coast Towers,Jeddah
756,2025-01-19,1563000.0,4.89,bank_financing,Al Rajhi Bank,Riyadh,YSM0374,YSM-374,townhouse,4,3,250.0,,city,2,1611000.0,YSM,Yasmin Suburb,Riyadh
760,2025-01-19,1484000.0,0.14,bank_financing,Bank AlBilad,Riyadh,YSM0367,YSM-367,townhouse,4,3,220.0,,park,2,1457000.0,YSM,Yasmin Suburb,Riyadh
1025,2025-01-19,2958000.0,0.53,bank_financing,Al Rajhi Bank,Dammam,KHM0181,KHM-14181,duplex,4,4,270.0,14,park,2,2974000.0,KHM,Khobar Marina,Al Khobar
321,2025-01-20,3347000.0,4.66,bank_financing,Al Rajhi Bank,Dammam,CST0150,CST-09150,duplex,4,4,280.0,9,garden,2,3373000.0,CST,Coast Towers,Jeddah
1023,2025-01-20,3372000.0,1.96,bank_financing,Saudi National Bank,Jeddah,KHM0045,KHM-19045,duplex,4,4,330.0,19,city,2,3440000.0,KHM,Khobar Marina,Al Khobar
1027,2025-01-20,2788000.0,0.0,cash,,Al Khobar,KHM0218,KHM-22218,duplex,5,5,285.0,22,street,2,2788000.0,KHM,Khobar Marina,Al Khobar
1035,2025-01-20,1368000.0,3.59,bank_financing,Al Rajhi Bank,Riyadh,KHM0201,KHM-21201,apartment,3,2,150.0,21,garden,2,1419000.0,KHM,Khobar Marina,Al Khobar
747,2025-01-22,690000.0,4.64,bank_financing,Banque Saudi Fransi,Riyadh,YSM0480,YSM-24480,apartment,2,1,105.0,24,street,1,709000.0,YSM,Yasmin Suburb,Riyadh
748,2025-01-22,1289000.0,2.79,bank_financing,Al Rajhi Bank,Riyadh,YSM0044,YSM-04044,apartment,4,3,205.0,4,park,2,1300000.0,YSM,Yasmin Suburb,Riyadh
754,2025-01-22,1476000.0,2.05,bank_financing,Al Rajhi Bank,Dammam,YSM0321,YSM-321,townhouse,3,2,230.0,,garden,2,1477000.0,YSM,Yasmin Suburb,Riyadh
1014,2025-01-22,2296000.0,0.0,bank_financing,Riyad Bank,Al Khobar,KHM0204,KHM-03204,duplex,4,4,250.0,3,street,2,2296000.0,KHM,Khobar Marina,Al Khobar
1019,2025-01-22,3839000.0,1.73,bank_financing,Banque Saudi Fransi,Al Khobar,KHM0058,KHM-13058,duplex,5,5,345.0,13,sea,2,3907000.0,KHM,Khobar Marina,Al Khobar
745,2025-01-23,2061000.0,0.5,bank_financing,Bank AlBilad,Riyadh,YSM0127,YSM-127,townhouse,5,4,300.0,,park,2,2030000.0,YSM,Yasmin Suburb,Riyadh
1009,2025-01-25,1751000.0,4.07,bank_financing,Al Rajhi Bank,Jeddah,KHM0244,KHM-02244,apartment,4,3,200.0,2,street,2,1825000.0,KHM,Khobar Marina,Al Khobar
106,2025-01-26,2134000.0,2.34,bank_financing,Saudi National Bank,Riyadh,NRJ0190,NRJ-190,townhouse,5,4,300.0,,garden,2,2068000.0,NRJ,Narjis Oasis,Riyadh
753,2025-01-26,1465000.0,0.71,bank_financing,Bank AlBilad,Riyadh,YSM0076,YSM-19076,apartment,4,3,205.0,19,city,2,1446000.0,YSM,Yasmin Suburb,Riyadh
757,2025-01-26,1649000.0,4.14,bank_financing,Al Rajhi Bank,Riyadh,YSM0122,YSM-122,townhouse,3,2,270.0,,city,2,1686000.0,YSM,Yasmin Suburb,Riyadh
1017,2025-01-27,3167000.0,0.93,bank_financing,Al Rajhi Bank,Dammam,KHM0020,KHM-11020,duplex,4,4,295.0,11,garden,2,3197000.0,KHM,Khobar Marina,Al Khobar
1022,2025-01-27,3358000.0,1.84,cash,,Riyadh,KHM0101,KHM-07101,duplex,5,5,350.0,7,city,2,3421000.0,KHM,Khobar Marina,Al Khobar
771,2025-02-01,800000.0,0.0,bank_financing,Riyad Bank,Riyadh,YSM0427,YSM-24427,apartment,2,1,115.0,24,city,1,780000.0,YSM,Yasmin Suburb,Riyadh
566,2025-02-02,1851000.0,1.66,cash,,Dammam,RWB0002,RWB-04002,duplex,4,4,335.0,4,city,2,1729000.0,RWB,Al Rawabi District,Dammam
764,2025-02-02,1712000.0,1.16,bank_financing,Riyad Bank,Dammam,YSM0246,YSM-246,townhouse,3,2,250.0,,street,2,1689000.0,YSM,Yasmin Suburb,Riyadh
774,2025-02-02,998000.0,1.03,bank_financing,Banque Saudi Fransi,Riyadh,YSM0126,YSM-06126,apartment,2,1,145.0,6,park,1,984000.0,YSM,Yasmin Suburb,Riyadh
327,2025-02-03,1100000.0,0.53,bank_financing,Al Rajhi Bank,Dammam,CST0134,CST-08134,apartment,2,1,105.0,8,city,1,1057000.0,CST,Coast Towers,Jeddah
765,2025-02-03,1038000.0,3.95,bank_financing,Al Rajhi Bank,Riyadh,YSM0167,YSM-05167,apartment,3,2,165.0,5,street,2,1054000.0,YSM,Yasmin Suburb,Riyadh
116,2025-02-04,2162000.0,1.3,bank_financing,Bank AlBilad,Riyadh,NRJ0333,NRJ-333,townhouse,5,4,295.0,,garden,2,2063000.0,NRJ,Narjis Oasis,Riyadh
333,2025-02-05,2389000.0,2.6,bank_financing,Al Rajhi Bank,Jeddah,CST0077,CST-10077,apartment,4,3,200.0,10,sea,2,2345000.0,CST,Coast Towers,Jeddah
1046,2025-02-05,1882000.0,3.65,bank_financing,Banque Saudi Fransi,Riyadh,KHM0142,KHM-10142,apartment,4,3,185.0,10,sea,2,1943000.0,KHM,Khobar Marina,Al Khobar
766,2025-02-06,2219000.0,0.0,bank_financing,Banque Saudi Fransi,Riyadh,YSM0103,YSM-103,townhouse,5,4,315.0,,city,2,2164000.0,YSM,Yasmin Suburb,Riyadh
768,2025-02-06,1843000.0,2.61,bank_financing,Saudi National Bank,Riyadh,YSM0444,YSM-444,townhouse,4,3,270.0,,garden,2,1846000.0,YSM,Yasmin Suburb,Riyadh
118,2025-02-07,3976000.0,2.26,bank_financing,Banque Saudi Fransi,Riyadh,NRJ0303,NRJ-303,villa,6,6,480.0,,garden,2,3832000.0,NRJ,Narjis Oasis,Riyadh
330,2025-02-07,4543000.0,0.0,bank_financing,Bank AlBilad,Riyadh,CST0156,CST-21156,duplex,5,5,345.0,21,garden,2,4344000.0,CST,Coast Towers,Jeddah
1038,2025-02-07,1477000.0,2.57,bank_financing,Al Rajhi Bank,Dammam,KHM0196,KHM-04196,apartment,2,1,155.0,4,sea,2,1508000.0,KHM,Khobar Marina,Al Khobar
1049,2025-02-08,3112000.0,0.93,bank_financing,Saudi National Bank,Al Khobar,KHM0089,KHM-17089,duplex,4,4,265.0,17,sea,2,3126000.0,KHM,Khobar Marina,Al Khobar
119,2025-02-09,1971000.0,1.68,bank_financing,Banque Saudi Fransi,Jeddah,NRJ0212,NRJ-212,townhouse,4,3,265.0,,garden,2,1888000.0,NRJ,Narjis Oasis,Riyadh
773,2025-02-09,2271000.0,1.36,bank_financing,Bank AlBilad,Riyadh,YSM0490,YSM-490,townhouse,5,4,320.0,,park,2,2246000.0,YSM,Yasmin Suburb,Riyadh
1045,2025-02-09,1600000.0,1.83,bank_financing,Al Rajhi Bank,Al Khobar,KHM0228,KHM-01228,apartment,3,2,185.0,1,street,2,1622000.0,KHM,Khobar Marina,Al Khobar
1051,2025-02-09,1458000.0,0.0,cash,,Al Khobar,KHM0242,KHM-16242,apartment,4,3,145.0,16,park,1,1451000.0,KHM,Khobar Marina,Al Khobar
111,2025-02-10,2771000.0,0.72,bank_financing,Saudi National Bank,Jeddah,NRJ0246,NRJ-246,villa,5,5,350.0,,street,2,2629000.0,NRJ,Narjis Oasis,Riyadh
767,2025-02-10,1760000.0,1.91,cash,,Riyadh,YSM0308,YSM-308,townhouse,4,3,265.0,,city,2,1750000.0,YSM,Yasmin Suburb,Riyadh
1037,2025-02-10,1557000.0,1.32,bank_financing,Riyad Bank,Al Khobar,KHM0184,KHM-04184,apartment,4,3,195.0,4,street,2,1570000.0,KHM,Khobar Marina,Al Khobar
1040,2025-02-10,1483000.0,3.8,bank_financing,Riyad Bank,Al Khobar,KHM0062,KHM-17062,apartment,3,2,170.0,17,park,2,1534000.0,KHM,Khobar Marina,Al Khobar
1050,2025-02-10,2654000.0,2.41,cash,,Jeddah,KHM0122,KHM-02122,duplex,4,4,280.0,2,city,2,2706000.0,KHM,Khobar Marina,Al Khobar
1052,2025-02-10,2816000.0,2.83,cash,,Riyadh,KHM0219,KHM-05219,duplex,4,4,300.0,5,city,2,2883000.0,KHM,Khobar Marina,Al Khobar
1056,2025-02-11,3941000.0,1.7,bank_financing,Riyad Bank,Al Khobar,KHM0298,KHM-14298,duplex,5,5,350.0,14,sea,2,3989000.0,KHM,Khobar Marina,Al Khobar
112,2025-02-12,2124000.0,0.18,cash,,Riyadh,NRJ0081,NRJ-081,townhouse,5,4,295.0,,street,2,2004000.0,NRJ,Narjis Oasis,Riyadh
567,2025-02-12,2306000.0,2.41,bank_financing,Riyad Bank,Riyadh,RWB0073,RWB-073,villa,4,4,390.0,,street,2,2171000.0,RWB,Al Rawabi District,Dammam
776,2025-02-12,1997000.0,0.0,bank_financing,Al Rajhi Bank,Dammam,YSM0511,YSM-511,townhouse,4,3,270.0,,park,2,1948000.0,YSM,Yasmin Suburb,Riyadh
113,2025-02-13,3264000.0,2.76,bank_financing,Banque Saudi Fransi,Riyadh,NRJ0123,NRJ-123,villa,4,4,435.0,,garden,2,3162000.0,NRJ,Narjis Oasis,Riyadh
117,2025-02-13,3129000.0,0.6,bank_financing,Saudi National Bank,Riyadh,NRJ0094,NRJ-094,villa,4,4,370.0,,garden,2,2965000.0,NRJ,Narjis Oasis,Riyadh
331,2025-02-13,2919000.0,2.03,bank_financing,Riyad Bank,Jeddah,CST0129,CST-06129,duplex,4,4,255.0,6,street,2,2849000.0,CST,Coast Towers,Jeddah
1044,2025-02-13,2736000.0,2.74,cash,,Al Khobar,KHM0256,KHM-14256,duplex,4,4,255.0,14,city,2,2799000.0,KHM,Khobar Marina,Al Khobar
1054,2025-02-13,3031000.0,1.99,cash,,Al Khobar,KHM0116,KHM-02116,duplex,4,4,340.0,2,street,2,3077000.0,KHM,Khobar Marina,Al Khobar
1047,2025-02-14,2505000.0,0.0,bank_financing,Al Rajhi Bank,Al Khobar,KHM0286,KHM-16286,duplex,4,4,240.0,16,street,2,2493000.0,KHM,Khobar Marina,Al Khobar
1055,2025-02-14,1638000.0,3.06,bank_financing,Al Rajhi Bank,Jeddah,KHM0163,KHM-18163,apartment,3,2,165.0,18,sea,2,1681000.0,KHM,Khobar Marina,Al Khobar
777,2025-02-15,1272000.0,2.33,bank_financing,Banque Saudi Fransi,Riyadh,YSM0273,YSM-12273,apartment,4,3,195.0,12,park,2,1270000.0,YSM,Yasmin Suburb,Riyadh
1048,2025-02-15,1038000.0,2.38,bank_financing,Bank AlBilad,Al Khobar,KHM0118,KHM-20118,apartment,3,2,120.0,20,street,1,1058000.0,KHM,Khobar Marina,Al Khobar
1041,2025-02-16,2429000.0,1.33,bank_financing,Riyad Bank,Al Khobar,KHM0171,KHM-15171,duplex,5,5,255.0,15,garden,2,2450000.0,KHM,Khobar Marina,Al Khobar
1053,2025-02-16,1154000.0,6.02,bank_financing,Riyad Bank,Riyadh,KHM0257,KHM-02257,apartment,3,2,150.0,2,street,2,1222000.0,KHM,Khobar Marina,Al Khobar
1042,2025-02-17,2436000.0,2.91,bank_financing,Saudi National Bank,Jeddah,KHM0152,KHM-02152,duplex,5,5,250.0,2,city,2,2497000.0,KHM,Khobar Marina,Al Khobar
114,2025-02-18,1817000.0,5.18,bank_financing,Riyad Bank,Riyadh,NRJ0073,NRJ-073,townhouse,4,3,250.0,,garden,2,1805000.0,NRJ,Narjis Oasis,Riyadh
334,2025-02-18,1943000.0,0.41,bank_financing,Banque Saudi Fransi,Jeddah,CST0393,CST-06393,apartment,3,2,170.0,6,city,2,1865000.0,CST,Coast Towers,Jeddah
770,2025-02-18,810000.0,1.53,bank_financing,Riyad Bank,Riyadh,YSM0014,YSM-10014,apartment,4,3,125.0,10,street,1,802000.0,YSM,Yasmin Suburb,Riyadh
1039,2025-02-20,1023000.0,2.44,bank_financing,Al Rajhi Bank,Al Khobar,KHM0261,KHM-09261,apartment,2,1,115.0,9,garden,1,1043000.0,KHM,Khobar Marina,Al Khobar
328,2025-02-21,1481000.0,1.96,cash,,Jeddah,CST0149,CST-14149,apartment,3,2,135.0,14,street,1,1444000.0,CST,Coast Towers,Jeddah
115,2025-02-22,2088000.0,0.0,cash,,Riyadh,NRJ0228,NRJ-228,townhouse,4,3,285.0,,street,2,1967000.0,NRJ,Narjis Oasis,Riyadh
326,2025-02-22,5095000.0,1.53,cash,,Jeddah,CST0316,CST-17316,duplex,5,5,360.0,17,sea,2,4947000.0,CST,Coast Towers,Jeddah
568,2025-02-22,2746000.0,3.13,cash,,Dammam,RWB0122,RWB-122,villa,6,6,495.0,,city,2,2604000.0,RWB,Al Rawabi District,Dammam
569,2025-02-22,2047000.0,4.3,bank_financing,Bank AlBilad,Riyadh,RWB0107,RWB-107,villa,4,4,350.0,,park,2,1965000.0,RWB,Al Rawabi District,Dammam
1036,2025-02-22,1527000.0,2.29,bank_financing,Riyad Bank,Riyadh,KHM0153,KHM-12153,apartment,4,3,180.0,12,street,2,1555000.0,KHM,Khobar Marina,Al Khobar
329,2025-02-23,1454000.0,3.99,cash,,Jeddah,CST0251,CST-21251,apartment,3,2,125.0,21,city,1,1448000.0,CST,Coast Towers,Jeddah
769,2025-02-23,676000.0,5.15,bank_financing,Bank AlBilad,Dammam,YSM0149,YSM-01149,apartment,3,2,110.0,1,city,1,695000.0,YSM,Yasmin Suburb,Riyadh
763,2025-02-24,643000.0,2.33,bank_financing,Bank AlBilad,Riyadh,YSM0253,YSM-17253,apartment,2,1,100.0,17,park,1,642000.0,YSM,Yasmin Suburb,Riyadh
778,2025-02-24,1753000.0,3.37,cash,,Riyadh,YSM0160,YSM-160,townhouse,4,3,255.0,,street,2,1769000.0,YSM,Yasmin Suburb,Riyadh
332,2025-02-25,2011000.0,2.79,bank_financing,Al Rajhi Bank,Jeddah,CST0411,CST-03411,apartment,4,3,195.0,3,city,2,1978000.0,CST,Coast Towers,Jeddah
1043,2025-02-25,895000.0,1.6,bank_financing,Riyad Bank,Al Khobar,KHM0084,KHM-08084,apartment,3,2,100.0,8,city,1,905000.0,KHM,Khobar Marina,Al Khobar
325,2025-02-26,3844000.0,3.79,bank_financing,Al Rajhi Bank,Jeddah,CST0079,CST-18079,duplex,5,5,315.0,18,garden,2,3820000.0,CST,Coast Towers,Jeddah
772,2025-02-27,867000.0,3.63,bank_financing,Saudi National Bank,Riyadh,YSM0236,YSM-01236,apartment,3,2,145.0,1,garden,1,878000.0,YSM,Yasmin Suburb,Riyadh
775,2025-02-27,2062000.0,1.31,bank_financing,Bank AlBilad,Riyadh,YSM0132,YSM-132,townhouse,5,4,305.0,,garden,2,2038000.0,YSM,Yasmin Suburb,Riyadh
570,2025-03-01,1836000.0,1.09,cash,,Jeddah,RWB0155,RWB-16155,duplex,5,5,310.0,16,city,2,1697000.0,RWB,Al Rawabi District,Dammam
572,2025-03-02,2367000.0,3.9,bank_financing,Bank AlBilad,Dammam,RWB0195,RWB-195,villa,5,5,420.0,,city,2,2252000.0,RWB,Al Rawabi District,Dammam
125,2025-03-03,2136000.0,0.0,bank_financing,Banque Saudi Fransi,Dammam,NRJ0024,NRJ-024,townhouse,5,4,300.0,,street,2,2002000.0,NRJ,Narjis Oasis,Riyadh
340,2025-03-03,2566000.0,3.3,bank_financing,Al Rajhi Bank,Jeddah,CST0328,CST-16328,apartment,4,3,195.0,16,sea,2,2525000.0,CST,Coast Towers,Jeddah
792,2025-03-03,1487000.0,1.3,bank_financing,Al Rajhi Bank,Riyadh,YSM0316,YSM-316,townhouse,3,2,230.0,,garden,2,1462000.0,YSM,Yasmin Suburb,Riyadh
781,2025-03-05,2229000.0,3.32,bank_financing,Saudi National Bank,Dammam,YSM0222,YSM-222,townhouse,5,4,320.0,,street,2,2238000.0,YSM,Yasmin Suburb,Riyadh
789,2025-03-05,2155000.0,5.2,cash,,Riyadh,YSM0390,YSM-390,townhouse,5,4,310.0,,park,2,2206000.0,YSM,Yasmin Suburb,Riyadh
780,2025-03-06,822000.0,1.82,cash,,Riyadh,YSM0196,YSM-23196,apartment,2,1,120.0,23,garden,1,813000.0,YSM,Yasmin Suburb,Riyadh
1068,2025-03-07,1017000.0,3.07,cash,,Dammam,KHM0113,KHM-23113,apartment,3,2,105.0,23,park,1,1039000.0,KHM,Khobar Marina,Al Khobar
121,2025-03-08,1678000.0,1.56,cash,,Dammam,NRJ0100,NRJ-100,townhouse,3,2,230.0,,park,2,1598000.0,NRJ,Narjis Oasis,Riyadh
571,2025-03-08,2842000.0,1.26,cash,,Dammam,RWB0119,RWB-119,villa,5,5,470.0,,city,2,2631000.0,RWB,Al Rawabi District,Dammam
779,2025-03-09,860000.0,2.03,cash,,Riyadh,YSM0278,YSM-02278,apartment,3,2,140.0,2,city,1,852000.0,YSM,Yasmin Suburb,Riyadh
783,2025-03-09,681000.0,0.0,bank_financing,Saudi National Bank,Riyadh,YSM0451,YSM-10451,apartment,2,1,105.0,10,street,1,661000.0,YSM,Yasmin Suburb,Riyadh
573,2025-03-10,1944000.0,2.96,bank_financing,Banque Saudi Fransi,Dammam,RWB0092,RWB-15092,duplex,5,5,345.0,15,garden,2,1831000.0,RWB,Al Rawabi District,Dammam
785,2025-03-10,2066000.0,2.08,bank_financing,Banque Saudi Fransi,Jeddah,YSM0349,YSM-349,townhouse,5,4,315.0,,park,2,2048000.0,YSM,Yasmin Suburb,Riyadh
1059,2025-03-11,1844000.0,2.61,cash,,Dammam,KHM0014,KHM-13014,apartment,4,3,200.0,13,garden,2,1875000.0,KHM,Khobar Marina,Al Khobar
791,2025-03-12,867000.0,0.86,bank_financing,Saudi National Bank,Riyadh,YSM0455,YSM-20455,apartment,2,1,130.0,20,city,1,849000.0,YSM,Yasmin Suburb,Riyadh
1058,2025-03-12,1502000.0,0.62,bank_financing,Riyad Bank,Dammam,KHM0006,KHM-03006,apartment,3,2,170.0,3,garden,2,1496000.0,KHM,Khobar Marina,Al Khobar
1060,2025-03-12,1695000.0,1.06,bank_financing,Banque Saudi Fransi,Riyadh,KHM0139,KHM-14139,apartment,3,2,195.0,14,garden,2,1696000.0,KHM,Khobar Marina,Al Khobar
336,2025-03-13,3653000.0,2.18,bank_financing,Al Rajhi Bank,Jeddah,CST0199,CST-10199,duplex,4,4,300.0,10,park,2,3553000.0,CST,Coast Towers,Jeddah
339,2025-03-13,2017000.0,3.49,cash,,Jeddah,CST0409,CST-05409,apartment,4,3,210.0,5,street,2,1988000.0,CST,Coast Towers,Jeddah
787,2025-03-13,691000.0,0.0,bank_financing,Bank AlBilad,Dammam,YSM0012,YSM-09012,apartment,2,1,95.0,9,park,1,671000.0,YSM,Yasmin Suburb,Riyadh
1066,2025-03-13,1456000.0,0.0,cash,,Al Khobar,KHM0255,KHM-10255,apartment,4,3,170.0,10,city,2,1442000.0,KHM,Khobar Marina,Al Khobar
1070,2025-03-13,2744000.0,2.6,cash,,Riyadh,KHM0265,KHM-20265,duplex,4,4,275.0,20,street,2,2789000.0,KHM,Khobar Marina,Al Khobar
784,2025-03-14,892000.0,2.65,bank_financing,Al Rajhi Bank,Riyadh,YSM0063,YSM-14063,apartment,3,2,135.0,14,park,1,889000.0,YSM,Yasmin Suburb,Riyadh
1065,2025-03-14,4110000.0,1.57,cash,,Al Khobar,KHM0086,KHM-18086,duplex,5,5,355.0,18,sea,2,4134000.0,KHM,Khobar Marina,Al Khobar
120,2025-03-15,1570000.0,1.73,bank_financing,Saudi National Bank,Riyadh,NRJ0134,NRJ-134,townhouse,4,3,230.0,,street,2,1497000.0,NRJ,Narjis Oasis,Riyadh
123,2025-03-15,2342000.0,3.94,bank_financing,Bank AlBilad,Riyadh,NRJ0206,NRJ-206,townhouse,5,4,295.0,,park,2,2285000.0,NRJ,Narjis Oasis,Riyadh
788,2025-03-15,598000.0,4.5,bank_financing,Banque Saudi Fransi,Riyadh,YSM0281,YSM-14281,apartment,3,2,95.0,14,park,1,608000.0,YSM,Yasmin Suburb,Riyadh
1063,2025-03-15,2072000.0,1.68,cash,,Al Khobar,KHM0240,KHM-23240,apartment,4,3,200.0,23,sea,2,2086000.0,KHM,Khobar Marina,Al Khobar
124,2025-03-16,2542000.0,2.02,cash,,Riyadh,NRJ0216,NRJ-216,villa,4,4,355.0,,park,2,2432000.0,NRJ,Narjis Oasis,Riyadh
1067,2025-03-16,3538000.0,3.4,cash,,Al Khobar,KHM0183,KHM-07183,duplex,5,5,315.0,7,sea,2,3626000.0,KHM,Khobar Marina,Al Khobar
126,2025-03-17,2294000.0,2.13,cash,,Dammam,NRJ0141,NRJ-141,townhouse,4,3,305.0,,park,2,2197000.0,NRJ,Narjis Oasis,Riyadh
342,2025-03-17,3654000.0,4.89,bank_financing,Riyad Bank,Dammam,CST0013,CST-10013,duplex,5,5,290.0,10,city,2,3655000.0,CST,Coast Towers,Jeddah
1061,2025-03-17,1684000.0,5.11,bank_financing,Bank AlBilad,Al Khobar,KHM0161,KHM-20161,apartment,4,3,190.0,20,garden,2,1757000.0,KHM,Khobar Marina,Al Khobar
337,2025-03-18,4240000.0,1.0,cash,,Jeddah,CST0236,CST-12236,duplex,5,5,335.0,12,garden,2,4074000.0,CST,Coast Towers,Jeddah
794,2025-03-18,1204000.0,2.2,cash,,Riyadh,YSM0148,YSM-01148,apartment,4,3,195.0,1,park,2,1195000.0,YSM,Yasmin Suburb,Riyadh
1062,2025-03-18,2913000.0,0.56,cash,,Al Khobar,KHM0074,KHM-23074,duplex,5,5,275.0,23,park,2,2900000.0,KHM,Khobar Marina,Al Khobar
786,2025-03-19,1031000.0,2.7,bank_financing,Al Rajhi Bank,Riyadh,YSM0231,YSM-05231,apartment,3,2,165.0,5,city,2,1028000.0,YSM,Yasmin Suburb,Riyadh
335,2025-03-20,1373000.0,2.47,cash,,Jeddah,CST0080,CST-15080,apartment,2,1,115.0,15,park,1,1339000.0,CST,Coast Towers,Jeddah
790,2025-03-21,989000.0,2.64,bank_financing,Al Rajhi Bank,Dammam,YSM0453,YSM-08453,apartment,2,1,150.0,8,garden,2,986000.0,YSM,Yasmin Suburb,Riyadh
122,2025-03-22,1773000.0,2.92,bank_financing,Bank AlBilad,Jeddah,NRJ0088,NRJ-088,townhouse,3,2,250.0,,street,2,1712000.0,NRJ,Narjis Oasis,Riyadh
782,2025-03-23,680000.0,0.98,cash,,Riyadh,YSM0328,YSM-03328,apartment,2,1,105.0,3,city,1,666000.0,YSM,Yasmin Suburb,Riyadh
793,2025-03-23,1673000.0,1.24,cash,,Jeddah,YSM0506,YSM-506,townhouse,4,3,235.0,,city,2,1644000.0,YSM,Yasmin Suburb,Riyadh
1069,2025-03-23,2622000.0,0.31,cash,,Jeddah,KHM0053,KHM-11053,duplex,4,4,270.0,11,garden,2,2604000.0,KHM,Khobar Marina,Al Khobar
341,2025-03-24,4464000.0,1.36,cash,,Jeddah,CST0022,CST-23022,duplex,5,5,340.0,23,park,2,4305000.0,CST,Coast Towers,Jeddah
1064,2025-03-24,1170000.0,1.42,bank_financing,Banque Saudi Fransi,Al Khobar,KHM0267,KHM-09267,apartment,3,2,135.0,9,city,1,1175000.0,KHM,Khobar Marina,Al Khobar
338,2025-03-25,3661000.0,1.96,bank_financing,Banque Saudi Fransi,Jeddah,CST0014,CST-13014,duplex,4,4,285.0,13,street,2,3552000.0,CST,Coast Towers,Jeddah
1057,2025-03-25,1159000.0,1.57,cash,,Al Khobar,KHM0177,KHM-04177,apartment,3,2,140.0,4,street,1,1166000.0,KHM,Khobar Marina,Al Khobar
345,2025-04-01,1499000.0,1.9,bank_financing,Banque Saudi Fransi,Riyadh,CST0295,CST-03295,apartment,3,2,145.0,3,street,1,1446000.0,CST,Coast Towers,Jeddah
575,2025-04-01,3017000.0,4.02,bank_financing,Saudi National Bank,Dammam,RWB0242,RWB-242,villa,6,6,505.0,,garden,2,2859000.0,RWB,Al Rawabi District,Dammam
127,2025-04-02,4129000.0,2.23,bank_financing,Al Rajhi Bank,Riyadh,NRJ0023,NRJ-023,villa,5,5,500.0,,street,2,3938000.0,NRJ,Narjis Oasis,Riyadh
806,2025-04-02,1000000.0,1.93,bank_financing,Bank AlBilad,Jeddah,YSM0353,YSM-22353,apartment,3,2,150.0,22,garden,2,985000.0,YSM,Yasmin Suburb,Riyadh
808,2025-04-02,1588000.0,1.36,bank_financing,Banque Saudi Fransi,Riyadh,YSM0237,YSM-237,townhouse,4,3,240.0,,street,2,1555000.0,YSM,Yasmin Suburb,Riyadh
1252,2025-04-02,1189000.0,4.78,cash,,Jeddah,AQQ0064,AQQ-064,townhouse,3,2,235.0,,city,2,1249000.0,AQQ,Wadi Al Aqiq,Madinah
130,2025-04-03,4424000.0,1.94,cash,,Riyadh,NRJ0043,NRJ-043,villa,5,5,505.0,,garden,2,4207000.0,NRJ,Narjis Oasis,Riyadh
577,2025-04-03,1682000.0,1.31,bank_financing,Bank AlBilad,Dammam,RWB0048,RWB-13048,duplex,4,4,285.0,13,garden,2,1550000.0,RWB,Al Rawabi District,Dammam
1074,2025-04-04,2510000.0,3.23,bank_financing,Bank AlBilad,Al Khobar,KHM0018,KHM-03018,duplex,4,4,255.0,3,garden,2,2555000.0,KHM,Khobar Marina,Al Khobar
348,2025-04-05,4211000.0,1.0,bank_financing,Riyad Bank,Jeddah,CST0386,CST-15386,duplex,4,4,330.0,15,city,2,4026000.0,CST,Coast Towers,Jeddah
1237,2025-04-05,1231000.0,0.43,bank_financing,Al Rajhi Bank,Madinah,AQQ0159,AQQ-159,townhouse,4,3,230.0,,garden,2,1236000.0,AQQ,Wadi Al Aqiq,Madinah
1071,2025-04-06,1390000.0,0.0,cash,,Riyadh,KHM0025,KHM-05025,apartment,3,2,160.0,5,park,2,1369000.0,KHM,Khobar Marina,Al Khobar
803,2025-04-07,841000.0,2.83,bank_financing,Saudi National Bank,Dammam,YSM0142,YSM-06142,apartment,3,2,130.0,6,street,1,836000.0,YSM,Yasmin Suburb,Riyadh
131,2025-04-08,2094000.0,3.84,bank_financing,Saudi National Bank,Riyadh,NRJ0079,NRJ-079,townhouse,5,4,300.0,,city,2,2031000.0,NRJ,Narjis Oasis,Riyadh
801,2025-04-09,1910000.0,1.68,bank_financing,Banque Saudi Fransi,Riyadh,YSM0157,YSM-157,townhouse,4,3,290.0,,garden,2,1876000.0,YSM,Yasmin Suburb,Riyadh
1240,2025-04-09,2786000.0,0.85,bank_financing,Riyad Bank,Riyadh,AQQ0067,AQQ-067,villa,5,5,475.0,,city,2,2810000.0,AQQ,Wadi Al Aqiq,Madinah
1254,2025-04-09,1117000.0,1.99,bank_financing,Bank AlBilad,Madinah,AQQ0154,AQQ-154,townhouse,3,2,230.0,,street,2,1140000.0,AQQ,Wadi Al Aqiq,Madinah
344,2025-04-10,3560000.0,4.67,bank_financing,Saudi National Bank,Jeddah,CST0232,CST-12232,duplex,4,4,295.0,12,street,2,3535000.0,CST,Coast Towers,Jeddah
347,2025-04-10,2048000.0,1.53,bank_financing,Bank AlBilad,Jeddah,CST0382,CST-21382,apartment,3,2,165.0,21,garden,2,1969000.0,CST,Coast Towers,Jeddah
1241,2025-04-10,1505000.0,2.83,bank_financing,Bank AlBilad,Riyadh,AQQ0115,AQQ-115,townhouse,5,4,305.0,,street,2,1549000.0,AQQ,Wadi Al Aqiq,Madinah
1249,2025-04-10,1237000.0,2.5,bank_financing,Saudi National Bank,Madinah,AQQ0113,AQQ-113,townhouse,3,2,240.0,,park,2,1269000.0,AQQ,Wadi Al Aqiq,Madinah
1238,2025-04-11,2274000.0,2.66,bank_financing,Bank AlBilad,Jeddah,AQQ0054,AQQ-054,villa,5,5,415.0,,city,2,2336000.0,AQQ,Wadi Al Aqiq,Madinah
800,2025-04-12,715000.0,2.08,cash,,Riyadh,YSM0023,YSM-10023,apartment,3,2,110.0,10,street,1,705000.0,YSM,Yasmin Suburb,Riyadh
802,2025-04-12,1419000.0,1.55,cash,,Dammam,YSM0016,YSM-016,townhouse,3,2,220.0,,street,2,1392000.0,YSM,Yasmin Suburb,Riyadh
807,2025-04-12,1376000.0,2.15,bank_financing,Banque Saudi Fransi,Dammam,YSM0125,YSM-08125,apartment,4,3,195.0,8,garden,2,1358000.0,YSM,Yasmin Suburb,Riyadh
1079,2025-04-12,2906000.0,0.0,bank_financing,Banque Saudi Fransi,Al Khobar,KHM0170,KHM-11170,duplex,5,5,285.0,11,park,2,2863000.0,KHM,Khobar Marina,Al Khobar
1244,2025-04-12,1319000.0,3.93,bank_financing,Banque Saudi Fransi,Riyadh,AQQ0095,AQQ-095,townhouse,4,3,265.0,,park,2,1373000.0,AQQ,Wadi Al Aqiq,Madinah
349,2025-04-13,2466000.0,4.29,bank_financing,Saudi National Bank,Dammam,CST0089,CST-18089,apartment,4,3,210.0,18,garden,2,2439000.0,CST,Coast Towers,Jeddah
578,2025-04-13,2674000.0,4.96,bank_financing,Saudi National Bank,Riyadh,RWB0102,RWB-102,villa,6,6,460.0,,garden,2,2559000.0,RWB,Al Rawabi District,Dammam
1239,2025-04-13,2244000.0,4.96,bank_financing,Bank AlBilad,Madinah,AQQ0252,AQQ-252,villa,6,6,445.0,,garden,2,2361000.0,AQQ,Wadi Al Aqiq,Madinah
1248,2025-04-14,2164000.0,1.8,bank_financing,Bank AlBilad,Madinah,AQQ0229,AQQ-229,villa,5,5,405.0,,city,2,2204000.0,AQQ,Wadi Al Aqiq,Madinah
1078,2025-04-15,3998000.0,4.1,cash,,Al Khobar,KHM0235,KHM-18235,duplex,5,5,330.0,18,sea,2,4107000.0,KHM,Khobar Marina,Al Khobar
1072,2025-04-16,2879000.0,2.9,cash,,Al Khobar,KHM0095,KHM-14095,duplex,4,4,300.0,14,street,2,2921000.0,KHM,Khobar Marina,Al Khobar
1242,2025-04-16,1470000.0,2.97,bank_financing,Riyad Bank,Jeddah,AQQ0192,AQQ-192,townhouse,5,4,300.0,,park,2,1515000.0,AQQ,Wadi Al Aqiq,Madinah
1251,2025-04-16,1438000.0,1.74,bank_financing,Al Rajhi Bank,Madinah,AQQ0082,AQQ-082,townhouse,5,4,300.0,,street,2,1463000.0,AQQ,Wadi Al Aqiq,Madinah
346,2025-04-17,2509000.0,1.98,cash,,Riyadh,CST0315,CST-18315,apartment,4,3,210.0,18,city,2,2423000.0,CST,Coast Towers,Jeddah
350,2025-04-17,3798000.0,0.6,bank_financing,Al Rajhi Bank,Riyadh,CST0372,CST-09372,duplex,4,4,290.0,9,park,2,3617000.0,CST,Coast Towers,Jeddah
798,2025-04-17,2251000.0,1.54,cash,,Riyadh,YSM0153,YSM-153,townhouse,4,3,300.0,,garden,2,2208000.0,YSM,Yasmin Suburb,Riyadh
1076,2025-04-17,901000.0,2.77,cash,,Al Khobar,KHM0237,KHM-03237,apartment,2,1,115.0,3,street,1,913000.0,KHM,Khobar Marina,Al Khobar
343,2025-04-18,1361000.0,4.99,bank_financing,Riyad Bank,Dammam,CST0171,CST-17171,apartment,3,2,135.0,17,street,1,1356000.0,CST,Coast Towers,Jeddah
804,2025-04-18,1709000.0,0.0,bank_financing,Bank AlBilad,Riyadh,YSM0030,YSM-030,townhouse,3,2,240.0,,city,2,1650000.0,YSM,Yasmin Suburb,Riyadh
1077,2025-04-18,943000.0,4.01,bank_financing,Saudi National Bank,Al Khobar,KHM0203,KHM-04203,apartment,3,2,115.0,4,street,1,968000.0,KHM,Khobar Marina,Al Khobar
1073,2025-04-20,2972000.0,1.84,bank_financing,Bank AlBilad,Jeddah,KHM0073,KHM-05073,duplex,5,5,305.0,5,city,2,2983000.0,KHM,Khobar Marina,Al Khobar
574,2025-04-21,1537000.0,1.71,bank_financing,Saudi National Bank,Dammam,RWB0009,RWB-22009,duplex,5,5,245.0,22,garden,2,1422000.0,RWB,Al Rawabi District,Dammam
805,2025-04-21,1871000.0,1.64,bank_financing,Riyad Bank,Riyadh,YSM0234,YSM-234,townhouse,5,4,265.0,,garden,2,1837000.0,YSM,Yasmin Suburb,Riyadh
1247,2025-04-21,1633000.0,3.0,cash,,Madinah,AQQ0024,AQQ-024,townhouse,5,4,320.0,,garden,2,1683000.0,AQQ,Wadi Al Aqiq,Madinah
1075,2025-04-22,1320000.0,1.42,bank_financing,Bank AlBilad,Al Khobar,KHM0249,KHM-13249,apartment,3,2,140.0,13,park,1,1319000.0,KHM,Khobar Marina,Al Khobar
1253,2025-04-22,1271000.0,3.53,bank_financing,Bank AlBilad,Madinah,AQQ0130,AQQ-130,townhouse,4,3,255.0,,garden,2,1318000.0,AQQ,Wadi Al Aqiq,Madinah
797,2025-04-23,723000.0,1.63,bank_financing,Banque Saudi Fransi,Dammam,YSM0228,YSM-01228,apartment,2,1,105.0,1,park,1,710000.0,YSM,Yasmin Suburb,Riyadh
799,2025-04-23,1830000.0,2.49,bank_financing,Riyad Bank,Riyadh,YSM0330,YSM-330,townhouse,3,2,245.0,,garden,2,1812000.0,YSM,Yasmin Suburb,Riyadh
128,2025-04-24,3005000.0,2.42,bank_financing,Al Rajhi Bank,Riyadh,NRJ0284,NRJ-284,villa,5,5,385.0,,city,2,2872000.0,NRJ,Narjis Oasis,Riyadh
1245,2025-04-24,2747000.0,1.9,bank_financing,Riyad Bank,Madinah,AQQ0134,AQQ-134,villa,5,5,505.0,,street,2,2800000.0,AQQ,Wadi Al Aqiq,Madinah
129,2025-04-25,3619000.0,4.37,bank_financing,Saudi National Bank,Jeddah,NRJ0045,NRJ-045,villa,5,5,475.0,,street,2,3529000.0,NRJ,Narjis Oasis,Riyadh
1246,2025-04-25,1446000.0,2.37,bank_financing,Bank AlBilad,Madinah,AQQ0071,AQQ-071,townhouse,4,3,285.0,,garden,2,1481000.0,AQQ,Wadi Al Aqiq,Madinah
576,2025-04-26,2202000.0,3.0,bank_financing,Banque Saudi Fransi,Jeddah,RWB0118,RWB-118,villa,4,4,380.0,,street,2,2065000.0,RWB,Al Rawabi District,Dammam
795,2025-04-26,1804000.0,5.32,bank_financing,Riyad Bank,Riyadh,YSM0389,YSM-389,townhouse,3,2,275.0,,street,2,1840000.0,YSM,Yasmin Suburb,Riyadh
796,2025-04-26,682000.0,0.63,bank_financing,Al Rajhi Bank,Riyadh,YSM0235,YSM-14235,apartment,2,1,100.0,14,park,1,663000.0,YSM,Yasmin Suburb,Riyadh
1243,2025-04-26,2292000.0,4.22,bank_financing,Banque Saudi Fransi,Madinah,AQQ0140,AQQ-140,villa,5,5,430.0,,city,2,2393000.0,AQQ,Wadi Al Aqiq,Madinah
1250,2025-04-26,2767000.0,1.94,bank_financing,Banque Saudi Fransi,Madinah,AQQ0023,AQQ-023,villa,6,6,460.0,,park,2,2822000.0,AQQ,Wadi Al Aqiq,Madinah
811,2025-05-01,1003000.0,2.96,cash,,Jeddah,YSM0141,YSM-18141,apartment,3,2,150.0,18,city,2,993000.0,YSM,Yasmin Suburb,Riyadh
817,2025-05-01,879000.0,0.0,bank_financing,Riyad Bank,Riyadh,YSM0086,YSM-05086,apartment,3,2,140.0,5,city,1,845000.0,YSM,Yasmin Suburb,Riyadh
1266,2025-05-01,2706000.0,0.0,bank_financing,Saudi National Bank,Dammam,AQQ0058,AQQ-058,villa,6,6,500.0,,street,2,2693000.0,AQQ,Wadi Al Aqiq,Madinah
1268,2025-05-01,1387000.0,0.0,bank_financing,Saudi National Bank,Riyadh,AQQ0011,AQQ-011,townhouse,5,4,275.0,,garden,2,1380000.0,AQQ,Wadi Al Aqiq,Madinah
133,2025-05-02,1908000.0,0.88,bank_financing,Banque Saudi Fransi,Dammam,NRJ0121,NRJ-121,townhouse,5,4,265.0,,garden,2,1786000.0,NRJ,Narjis Oasis,Riyadh
1086,2025-05-02,1459000.0,4.86,bank_financing,Riyad Bank,Al Khobar,KHM0068,KHM-02068,apartment,3,2,175.0,2,park,2,1503000.0,KHM,Khobar Marina,Al Khobar
814,2025-05-03,1694000.0,0.07,bank_financing,Bank AlBilad,Riyadh,YSM0001,YSM-001,townhouse,4,3,245.0,,city,2,1629000.0,YSM,Yasmin Suburb,Riyadh
813,2025-05-04,1714000.0,0.61,bank_financing,Banque Saudi Fransi,Riyadh,YSM0313,YSM-313,townhouse,3,2,240.0,,park,2,1657000.0,YSM,Yasmin Suburb,Riyadh
1081,2025-05-06,3311000.0,1.55,bank_financing,Saudi National Bank,Al Khobar,KHM0294,KHM-15294,duplex,4,4,330.0,15,city,2,3297000.0,KHM,Khobar Marina,Al Khobar
135,2025-05-07,2707000.0,3.55,bank_financing,Riyad Bank,Jeddah,NRJ0083,NRJ-083,villa,5,5,350.0,,street,2,2604000.0,NRJ,Narjis Oasis,Riyadh
353,2025-05-09,2280000.0,3.76,bank_financing,Riyad Bank,Dammam,CST0144,CST-13144,apartment,4,3,200.0,13,city,2,2232000.0,CST,Coast Towers,Jeddah
1260,2025-05-09,1626000.0,1.61,bank_financing,Riyad Bank,Dammam,AQQ0059,AQQ-059,townhouse,5,4,320.0,,park,2,1644000.0,AQQ,Wadi Al Aqiq,Madinah
1261,2025-05-09,1407000.0,2.5,bank_financing,Bank AlBilad,Madinah,AQQ0034,AQQ-034,townhouse,4,3,270.0,,park,2,1436000.0,AQQ,Wadi Al Aqiq,Madinah
1256,2025-05-11,2268000.0,1.42,bank_financing,Banque Saudi Fransi,Madinah,AQQ0184,AQQ-184,villa,5,5,400.0,,city,2,2289000.0,AQQ,Wadi Al Aqiq,Madinah
1263,2025-05-11,1801000.0,1.26,bank_financing,Saudi National Bank,Riyadh,AQQ0091,AQQ-091,villa,4,4,340.0,,city,2,1815000.0,AQQ,Wadi Al Aqiq,Madinah
352,2025-05-13,3839000.0,2.43,cash,,Dammam,CST0075,CST-23075,duplex,5,5,310.0,23,street,2,3706000.0,CST,Coast Towers,Jeddah
1082,2025-05-13,2803000.0,3.91,bank_financing,Riyad Bank,Al Khobar,KHM0004,KHM-10004,duplex,4,4,275.0,10,park,2,2859000.0,KHM,Khobar Marina,Al Khobar
1269,2025-05-14,2994000.0,3.07,cash,,Madinah,AQQ0174,AQQ-174,villa,6,6,520.0,,city,2,3073000.0,AQQ,Wadi Al Aqiq,Madinah
136,2025-05-15,2399000.0,2.37,bank_financing,Banque Saudi Fransi,Dammam,NRJ0135,NRJ-135,townhouse,4,3,315.0,,street,2,2280000.0,NRJ,Narjis Oasis,Riyadh
1255,2025-05-15,1464000.0,3.64,bank_financing,Al Rajhi Bank,Madinah,AQQ0105,AQQ-105,townhouse,5,4,315.0,,street,2,1512000.0,AQQ,Wadi Al Aqiq,Madinah
351,2025-05-16,2748000.0,0.0,bank_financing,Saudi National Bank,Jeddah,CST0072,CST-23072,apartment,4,3,205.0,23,sea,2,2588000.0,CST,Coast Towers,Jeddah
1084,2025-05-16,1065000.0,3.87,bank_financing,Bank AlBilad,Al Khobar,KHM0232,KHM-11232,apartment,4,3,130.0,11,street,1,1086000.0,KHM,Khobar Marina,Al Khobar
132,2025-05-17,1828000.0,3.41,bank_financing,Banque Saudi Fransi,Riyadh,NRJ0012,NRJ-012,townhouse,3,2,240.0,,park,2,1756000.0,NRJ,Narjis Oasis,Riyadh
819,2025-05-17,1243000.0,2.22,bank_financing,Saudi National Bank,Riyadh,YSM0442,YSM-24442,apartment,3,2,175.0,24,garden,2,1221000.0,YSM,Yasmin Suburb,Riyadh
1085,2025-05-17,1216000.0,0.0,bank_financing,Saudi National Bank,Al Khobar,KHM0061,KHM-18061,apartment,3,2,120.0,18,garden,1,1192000.0,KHM,Khobar Marina,Al Khobar
1262,2025-05-17,1908000.0,1.68,bank_financing,Al Rajhi Bank,Madinah,AQQ0104,AQQ-104,villa,4,4,355.0,,garden,2,1931000.0,AQQ,Wadi Al Aqiq,Madinah
1083,2025-05-18,2038000.0,1.76,bank_financing,Saudi National Bank,Al Khobar,KHM0159,KHM-20159,apartment,4,3,185.0,20,sea,2,2034000.0,KHM,Khobar Marina,Al Khobar
581,2025-05-19,2646000.0,3.39,bank_financing,Bank AlBilad,Dammam,RWB0034,RWB-034,villa,5,5,405.0,,park,2,2479000.0,RWB,Al Rawabi District,Dammam
1088,2025-05-19,1020000.0,1.09,bank_financing,Riyad Bank,Al Khobar,KHM0117,KHM-22117,apartment,2,1,110.0,22,garden,1,1011000.0,KHM,Khobar Marina,Al Khobar
134,2025-05-20,2232000.0,0.45,cash,,Riyadh,NRJ0336,NRJ-336,townhouse,5,4,310.0,,city,2,2080000.0,NRJ,Narjis Oasis,Riyadh
579,2025-05-20,1664000.0,2.18,bank_financing,Riyad Bank,Riyadh,RWB0106,RWB-16106,duplex,4,4,280.0,16,city,2,1540000.0,RWB,Al Rawabi District,Dammam
815,2025-05-20,1956000.0,2.47,bank_financing,Banque Saudi Fransi,Riyadh,YSM0392,YSM-392,townhouse,4,3,265.0,,park,2,1927000.0,YSM,Yasmin Suburb,Riyadh
1259,2025-05-20,1340000.0,2.56,cash,,Madinah,AQQ0043,AQQ-043,townhouse,4,3,275.0,,city,2,1368000.0,AQQ,Wadi Al Aqiq,Madinah
355,2025-05-21,3298000.0,2.35,bank_financing,Riyad Bank,Jeddah,CST0051,CST-09051,duplex,4,4,270.0,9,street,2,3181000.0,CST,Coast Towers,Jeddah
356,2025-05-21,2156000.0,0.37,bank_financing,Al Rajhi Bank,Jeddah,CST0410,CST-11410,apartment,4,3,190.0,11,garden,2,2038000.0,CST,Coast Towers,Jeddah
812,2025-05-21,1079000.0,0.0,bank_financing,Bank AlBilad,Riyadh,YSM0489,YSM-03489,apartment,3,2,175.0,3,garden,2,1037000.0,YSM,Yasmin Suburb,Riyadh
818,2025-05-21,761000.0,1.17,bank_financing,Riyad Bank,Jeddah,YSM0361,YSM-02361,apartment,2,1,115.0,2,city,1,740000.0,YSM,Yasmin Suburb,Riyadh
354,2025-05-22,3091000.0,3.1,cash,,Jeddah,CST0035,CST-01035,duplex,4,4,250.0,1,park,2,3004000.0,CST,Coast Towers,Jeddah
810,2025-05-22,2208000.0,3.15,bank_financing,Al Rajhi Bank,Riyadh,YSM0295,YSM-295,townhouse,5,4,310.0,,city,2,2191000.0,YSM,Yasmin Suburb,Riyadh
809,2025-05-23,670000.0,2.09,bank_financing,Banque Saudi Fransi,Riyadh,YSM0338,YSM-18338,apartment,2,1,100.0,18,garden,1,658000.0,YSM,Yasmin Suburb,Riyadh
1257,2025-05-23,1812000.0,0.32,bank_financing,Al Rajhi Bank,Madinah,AQQ0201,AQQ-201,villa,4,4,325.0,,garden,2,1809000.0,AQQ,Wadi Al Aqiq,Madinah
1264,2025-05-23,2706000.0,2.54,bank_financing,Bank AlBilad,Madinah,AQQ0075,AQQ-075,villa,5,5,480.0,,city,2,2763000.0,AQQ,Wadi Al Aqiq,Madinah
1265,2025-05-23,1997000.0,2.48,bank_financing,Saudi National Bank,Madinah,AQQ0100,AQQ-100,villa,4,4,375.0,,park,2,2037000.0,AQQ,Wadi Al Aqiq,Madinah
1080,2025-05-24,3120000.0,0.0,cash,,Riyadh,KHM0134,KHM-04134,duplex,5,5,350.0,4,city,2,3058000.0,KHM,Khobar Marina,Al Khobar
1267,2025-05-24,2108000.0,0.0,bank_financing,Riyad Bank,Madinah,AQQ0158,AQQ-158,villa,5,5,355.0,,park,2,2098000.0,AQQ,Wadi Al Aqiq,Madinah
580,2025-05-25,2029000.0,1.98,cash,,Dammam,RWB0156,RWB-02156,duplex,4,4,345.0,2,park,2,1873000.0,RWB,Al Rawabi District,Dammam
1087,2025-05-25,1890000.0,3.48,bank_financing,Bank AlBilad,Al Khobar,KHM0230,KHM-19230,apartment,4,3,210.0,19,city,2,1919000.0,KHM,Khobar Marina,Al Khobar
1258,2025-05-25,2054000.0,1.38,cash,,Riyadh,AQQ0085,AQQ-085,villa,5,5,400.0,,street,2,2072000.0,AQQ,Wadi Al Aqiq,Madinah
1270,2025-05-25,2266000.0,4.08,bank_financing,Bank AlBilad,Madinah,AQQ0035,AQQ-035,villa,6,6,435.0,,city,2,2351000.0,AQQ,Wadi Al Aqiq,Madinah
816,2025-05-27,1586000.0,0.0,bank_financing,Al Rajhi Bank,Dammam,YSM0083,YSM-083,townhouse,3,2,230.0,,garden,2,1524000.0,YSM,Yasmin Suburb,Riyadh
1274,2025-06-01,1607000.0,2.05,bank_financing,Saudi National Bank,Madinah,AQQ0191,AQQ-191,townhouse,4,3,305.0,,garden,2,1624000.0,AQQ,Wadi Al Aqiq,Madinah
358,2025-06-02,2312000.0,0.0,bank_financing,Bank AlBilad,Jeddah,CST0305,CST-11305,apartment,4,3,195.0,11,garden,2,2167000.0,CST,Coast Towers,Jeddah
139,2025-06-03,1970000.0,0.0,cash,,Dammam,NRJ0194,NRJ-194,townhouse,4,3,260.0,,park,2,1819000.0,NRJ,Narjis Oasis,Riyadh
138,2025-06-05,2023000.0,2.72,bank_financing,Saudi National Bank,Riyadh,NRJ0248,NRJ-248,townhouse,4,3,275.0,,city,2,1920000.0,NRJ,Narjis Oasis,Riyadh
363,2025-06-05,4097000.0,0.37,bank_financing,Banque Saudi Fransi,Riyadh,CST0385,CST-24385,duplex,4,4,305.0,24,street,2,3854000.0,CST,Coast Towers,Jeddah
1275,2025-06-05,2385000.0,2.08,bank_financing,Saudi National Bank,Dammam,AQQ0212,AQQ-212,villa,5,5,460.0,,street,2,2412000.0,AQQ,Wadi Al Aqiq,Madinah
1280,2025-06-06,1820000.0,1.58,cash,,Dammam,AQQ0175,AQQ-175,villa,5,5,335.0,,city,2,1831000.0,AQQ,Wadi Al Aqiq,Madinah
362,2025-06-07,2783000.0,5.43,bank_financing,Bank AlBilad,Jeddah,CST0339,CST-13339,duplex,5,5,250.0,13,street,2,2758000.0,CST,Coast Towers,Jeddah
823,2025-06-07,1213000.0,3.7,bank_financing,Banque Saudi Fransi,Riyadh,YSM0159,YSM-17159,apartment,3,2,180.0,17,park,2,1204000.0,YSM,Yasmin Suburb,Riyadh
1281,2025-06-07,1237000.0,3.33,cash,,Madinah,AQQ0228,AQQ-228,townhouse,4,3,270.0,,street,2,1267000.0,AQQ,Wadi Al Aqiq,Madinah
361,2025-06-09,1350000.0,1.06,bank_financing,Saudi National Bank,Jeddah,CST0203,CST-10203,apartment,3,2,120.0,10,city,1,1279000.0,CST,Coast Towers,Jeddah
582,2025-06-10,2131000.0,1.99,bank_financing,Banque Saudi Fransi,Jeddah,RWB0237,RWB-06237,duplex,5,5,355.0,6,garden,2,1958000.0,RWB,Al Rawabi District,Dammam
828,2025-06-10,1776000.0,3.01,cash,,Dammam,YSM0243,YSM-243,townhouse,4,3,255.0,,park,2,1751000.0,YSM,Yasmin Suburb,Riyadh
1096,2025-06-10,3262000.0,0.31,bank_financing,Al Rajhi Bank,Al Khobar,KHM0141,KHM-22141,duplex,4,4,255.0,22,sea,2,3192000.0,KHM,Khobar Marina,Al Khobar
583,2025-06-12,1868000.0,1.75,cash,,Dammam,RWB0168,RWB-15168,duplex,5,5,305.0,15,garden,2,1712000.0,RWB,Al Rawabi District,Dammam
1271,2025-06-12,2254000.0,0.0,bank_financing,Saudi National Bank,Riyadh,AQQ0029,AQQ-029,villa,5,5,400.0,,garden,2,2232000.0,AQQ,Wadi Al Aqiq,Madinah
359,2025-06-13,3598000.0,1.61,bank_financing,Saudi National Bank,Jeddah,CST0307,CST-04307,duplex,4,4,290.0,4,garden,2,3427000.0,CST,Coast Towers,Jeddah
820,2025-06-14,729000.0,1.56,bank_financing,Al Rajhi Bank,Riyadh,YSM0029,YSM-21029,apartment,2,1,105.0,21,street,1,708000.0,YSM,Yasmin Suburb,Riyadh
1276,2025-06-14,1530000.0,1.16,bank_financing,Riyad Bank,Madinah,AQQ0088,AQQ-088,townhouse,5,4,320.0,,garden,2,1533000.0,AQQ,Wadi Al Aqiq,Madinah
826,2025-06-15,852000.0,1.8,bank_financing,Banque Saudi Fransi,Jeddah,YSM0481,YSM-12481,apartment,3,2,130.0,12,garden,1,830000.0,YSM,Yasmin Suburb,Riyadh
1092,2025-06-16,1267000.0,0.22,bank_financing,Bank AlBilad,Dammam,KHM0281,KHM-09281,apartment,2,1,125.0,9,sea,1,1239000.0,KHM,Khobar Marina,Al Khobar
1273,2025-06-16,1222000.0,0.0,bank_financing,Riyad Bank,Madinah,AQQ0160,AQQ-160,townhouse,3,2,255.0,,street,2,1210000.0,AQQ,Wadi Al Aqiq,Madinah
137,2025-06-17,3989000.0,0.82,bank_financing,Bank AlBilad,Riyadh,NRJ0019,NRJ-019,villa,5,5,485.0,,garden,2,3714000.0,NRJ,Narjis Oasis,Riyadh
357,2025-06-17,1503000.0,3.93,bank_financing,Riyad Bank,Jeddah,CST0110,CST-12110,apartment,3,2,130.0,12,garden,1,1466000.0,CST,Coast Towers,Jeddah
360,2025-06-17,1236000.0,1.73,cash,,Dammam,CST0213,CST-22213,apartment,2,1,100.0,22,park,1,1179000.0,CST,Coast Towers,Jeddah
1089,2025-06-17,1432000.0,3.2,bank_financing,Riyad Bank,Jeddah,KHM0136,KHM-13136,apartment,3,2,145.0,13,garden,1,1443000.0,KHM,Khobar Marina,Al Khobar
1272,2025-06-17,1468000.0,1.37,cash,,Madinah,AQQ0242,AQQ-242,townhouse,4,3,280.0,,garden,2,1474000.0,AQQ,Wadi Al Aqiq,Madinah
1091,2025-06-18,1387000.0,2.77,cash,,Jeddah,KHM0105,KHM-08105,apartment,2,1,160.0,8,street,2,1391000.0,KHM,Khobar Marina,Al Khobar
822,2025-06-19,1837000.0,1.42,bank_financing,Saudi National Bank,Riyadh,YSM0120,YSM-120,townhouse,5,4,245.0,,park,2,1782000.0,YSM,Yasmin Suburb,Riyadh
1094,2025-06-19,956000.0,3.34,bank_financing,Riyad Bank,Jeddah,KHM0046,KHM-02046,apartment,2,1,105.0,2,street,1,965000.0,KHM,Khobar Marina,Al Khobar
1277,2025-06-19,2376000.0,0.88,bank_financing,Riyad Bank,Dammam,AQQ0237,AQQ-237,villa,4,4,400.0,,city,2,2373000.0,AQQ,Wadi Al Aqiq,Madinah
827,2025-06-20,1845000.0,0.0,bank_financing,Riyad Bank,Riyadh,YSM0066,YSM-066,townhouse,4,3,245.0,,street,2,1764000.0,YSM,Yasmin Suburb,Riyadh
1093,2025-06-20,2984000.0,3.49,bank_financing,Bank AlBilad,Riyadh,KHM0093,KHM-09093,duplex,5,5,325.0,9,city,2,3016000.0,KHM,Khobar Marina,Al Khobar
1278,2025-06-20,1954000.0,4.42,bank_financing,Banque Saudi Fransi,Jeddah,AQQ0264,AQQ-264,villa,4,4,370.0,,city,2,2024000.0,AQQ,Wadi Al Aqiq,Madinah
1279,2025-06-20,2383000.0,2.04,bank_financing,Saudi National Bank,Madinah,AQQ0036,AQQ-036,villa,5,5,410.0,,street,2,2408000.0,AQQ,Wadi Al Aqiq,Madinah
1095,2025-06-21,2886000.0,1.81,bank_financing,Riyad Bank,Riyadh,KHM0083,KHM-04083,duplex,5,5,260.0,4,sea,2,2867000.0,KHM,Khobar Marina,Al Khobar
825,2025-06-22,1747000.0,1.24,cash,,Jeddah,YSM0429,YSM-429,townhouse,4,3,245.0,,garden,2,1691000.0,YSM,Yasmin Suburb,Riyadh
584,2025-06-24,1915000.0,1.88,bank_financing,Bank AlBilad,Dammam,RWB0194,RWB-16194,duplex,5,5,335.0,16,street,2,1758000.0,RWB,Al Rawabi District,Dammam
1097,2025-06-24,1645000.0,1.5,bank_financing,Saudi National Bank,Dammam,KHM0127,KHM-23127,apartment,3,2,170.0,23,garden,2,1629000.0,KHM,Khobar Marina,Al Khobar
1090,2025-06-25,1749000.0,2.54,cash,,Al Khobar,KHM0119,KHM-20119,apartment,3,2,160.0,20,sea,2,1750000.0,KHM,Khobar Marina,Al Khobar
821,2025-06-27,1761000.0,3.02,bank_financing,Bank AlBilad,Riyadh,YSM0114,YSM-114,townhouse,4,3,245.0,,park,2,1736000.0,YSM,Yasmin Suburb,Riyadh
824,2025-06-27,2175000.0,1.52,cash,,Riyadh,YSM0095,YSM-095,townhouse,4,3,305.0,,garden,2,2112000.0,YSM,Yasmin Suburb,Riyadh
140,2025-07-01,3959000.0,0.36,bank_financing,Banque Saudi Fransi,Riyadh,NRJ0242,NRJ-242,villa,5,5,490.0,,garden,2,3650000.0,NRJ,Narjis Oasis,Riyadh
832,2025-07-01,1329000.0,1.74,bank_financing,Bank AlBilad,Dammam,YSM0518,YSM-06518,apartment,4,3,195.0,6,street,2,1287000.0,YSM,Yasmin Suburb,Riyadh
839,2025-07-02,1278000.0,0.35,bank_financing,Al Rajhi Bank,Riyadh,YSM0300,YSM-06300,apartment,3,2,180.0,6,city,2,1220000.0,YSM,Yasmin Suburb,Riyadh
586,2025-07-03,2647000.0,3.25,cash,,Jeddah,RWB0160,RWB-160,villa,6,6,450.0,,city,2,2452000.0,RWB,Al Rawabi District,Dammam
365,2025-07-04,1418000.0,2.73,bank_financing,Saudi National Bank,Dammam,CST0394,CST-20394,apartment,3,2,130.0,20,street,1,1359000.0,CST,Coast Towers,Jeddah
1282,2025-07-04,1163000.0,2.82,cash,,Dammam,AQQ0180,AQQ-180,townhouse,3,2,225.0,,street,2,1179000.0,AQQ,Wadi Al Aqiq,Madinah
1290,2025-07-04,1427000.0,0.81,cash,,Madinah,AQQ0005,AQQ-005,townhouse,5,4,280.0,,city,2,1417000.0,AQQ,Wadi Al Aqiq,Madinah
143,2025-07-05,3810000.0,3.66,bank_financing,Saudi National Bank,Jeddah,NRJ0197,NRJ-197,villa,6,6,470.0,,street,2,3633000.0,NRJ,Narjis Oasis,Riyadh
1103,2025-07-05,1270000.0,1.54,bank_financing,Bank AlBilad,Dammam,KHM0131,KHM-05131,apartment,2,1,125.0,5,sea,1,1252000.0,KHM,Khobar Marina,Al Khobar
1284,2025-07-05,2327000.0,3.26,bank_financing,Saudi National Bank,Madinah,AQQ0276,AQQ-276,villa,5,5,420.0,,street,2,2370000.0,AQQ,Wadi Al Aqiq,Madinah
142,2025-07-06,3617000.0,1.18,bank_financing,Bank AlBilad,Riyadh,NRJ0178,NRJ-178,villa,6,6,460.0,,city,2,3363000.0,NRJ,Narjis Oasis,Riyadh
585,2025-07-06,2880000.0,1.21,bank_financing,Banque Saudi Fransi,Dammam,RWB0054,RWB-054,villa,5,5,440.0,,park,2,2612000.0,RWB,Al Rawabi District,Dammam
1287,2025-07-06,1292000.0,1.44,bank_financing,Bank AlBilad,Jeddah,AQQ0126,AQQ-126,townhouse,3,2,250.0,,street,2,1291000.0,AQQ,Wadi Al Aqiq,Madinah
1288,2025-07-07,2295000.0,2.39,cash,,Jeddah,AQQ0156,AQQ-156,villa,5,5,455.0,,street,2,2316000.0,AQQ,Wadi Al Aqiq,Madinah
141,2025-07-08,3494000.0,0.0,bank_financing,Saudi National Bank,Riyadh,NRJ0285,NRJ-285,villa,5,5,430.0,,street,2,3210000.0,NRJ,Narjis Oasis,Riyadh
834,2025-07-08,1522000.0,0.0,cash,,Jeddah,YSM0418,YSM-418,townhouse,3,2,220.0,,city,2,1448000.0,YSM,Yasmin Suburb,Riyadh
587,2025-07-10,2708000.0,3.12,bank_financing,Banque Saudi Fransi,Dammam,RWB0157,RWB-157,villa,6,6,460.0,,street,2,2505000.0,RWB,Al Rawabi District,Dammam
831,2025-07-10,1379000.0,1.62,bank_financing,Saudi National Bank,Riyadh,YSM0402,YSM-18402,apartment,4,3,185.0,18,park,2,1333000.0,YSM,Yasmin Suburb,Riyadh
1099,2025-07-10,1007000.0,5.02,bank_financing,Riyad Bank,Dammam,KHM0295,KHM-07295,apartment,2,1,115.0,7,street,1,1029000.0,KHM,Khobar Marina,Al Khobar
1289,2025-07-10,2579000.0,2.12,cash,,Madinah,AQQ0030,AQQ-030,villa,5,5,485.0,,street,2,2596000.0,AQQ,Wadi Al Aqiq,Madinah
837,2025-07-12,972000.0,4.03,cash,,Dammam,YSM0161,YSM-13161,apartment,4,3,140.0,13,park,1,964000.0,YSM,Yasmin Suburb,Riyadh
1098,2025-07-12,1138000.0,2.22,bank_financing,Riyad Bank,Al Khobar,KHM0258,KHM-02258,apartment,4,3,120.0,2,garden,1,1130000.0,KHM,Khobar Marina,Al Khobar
1104,2025-07-12,1877000.0,0.0,bank_financing,Al Rajhi Bank,Dammam,KHM0154,KHM-08154,apartment,3,2,185.0,8,sea,2,1822000.0,KHM,Khobar Marina,Al Khobar
1286,2025-07-12,1509000.0,2.41,cash,,Riyadh,AQQ0195,AQQ-195,townhouse,4,3,300.0,,city,2,1523000.0,AQQ,Wadi Al Aqiq,Madinah
1283,2025-07-14,1798000.0,1.98,bank_financing,Banque Saudi Fransi,Dammam,AQQ0189,AQQ-189,villa,4,4,320.0,,garden,2,1807000.0,AQQ,Wadi Al Aqiq,Madinah
368,2025-07-15,4246000.0,1.7,bank_financing,Saudi National Bank,Jeddah,CST0137,CST-10137,duplex,5,5,340.0,10,street,2,4028000.0,CST,Coast Towers,Jeddah
835,2025-07-15,1084000.0,3.96,bank_financing,Riyad Bank,Riyadh,YSM0256,YSM-10256,apartment,4,3,180.0,10,city,2,1074000.0,YSM,Yasmin Suburb,Riyadh
830,2025-07-18,1495000.0,3.19,bank_financing,Saudi National Bank,Riyadh,YSM0423,YSM-423,townhouse,4,3,255.0,,street,2,1469000.0,YSM,Yasmin Suburb,Riyadh
1285,2025-07-18,1341000.0,2.52,bank_financing,Al Rajhi Bank,Madinah,AQQ0148,AQQ-148,townhouse,4,3,265.0,,city,2,1355000.0,AQQ,Wadi Al Aqiq,Madinah
367,2025-07-19,3614000.0,0.0,cash,,Jeddah,CST0106,CST-20106,duplex,4,4,260.0,20,city,2,3370000.0,CST,Coast Towers,Jeddah
833,2025-07-19,1625000.0,2.82,bank_financing,Saudi National Bank,Dammam,YSM0319,YSM-319,townhouse,3,2,245.0,,city,2,1591000.0,YSM,Yasmin Suburb,Riyadh
836,2025-07-19,2299000.0,0.0,cash,,Riyadh,YSM0049,YSM-049,townhouse,5,4,310.0,,city,2,2187000.0,YSM,Yasmin Suburb,Riyadh
1291,2025-07-19,1529000.0,3.85,bank_financing,Bank AlBilad,Madinah,AQQ0233,AQQ-233,townhouse,5,4,315.0,,street,2,1567000.0,AQQ,Wadi Al Aqiq,Madinah
838,2025-07-20,1673000.0,2.7,cash,,Jeddah,YSM0318,YSM-318,townhouse,3,2,255.0,,city,2,1636000.0,YSM,Yasmin Suburb,Riyadh
1100,2025-07-21,1568000.0,2.01,bank_financing,Banque Saudi Fransi,Al Khobar,KHM0146,KHM-15146,apartment,4,3,185.0,15,street,2,1553000.0,KHM,Khobar Marina,Al Khobar
1102,2025-07-22,1403000.0,4.74,bank_financing,Riyad Bank,Jeddah,KHM0133,KHM-09133,apartment,3,2,155.0,9,garden,2,1429000.0,KHM,Khobar Marina,Al Khobar
366,2025-07-23,1182000.0,1.92,cash,,Riyadh,CST0066,CST-19066,apartment,2,1,100.0,19,garden,1,1124000.0,CST,Coast Towers,Jeddah
829,2025-07-23,1541000.0,1.15,bank_financing,Banque Saudi Fransi,Dammam,YSM0119,YSM-119,townhouse,3,2,225.0,,park,2,1483000.0,YSM,Yasmin Suburb,Riyadh
364,2025-07-24,1160000.0,1.12,cash,,Jeddah,CST0045,CST-12045,apartment,2,1,100.0,12,street,1,1094000.0,CST,Coast Towers,Jeddah
1101,2025-07-26,3877000.0,1.3,bank_financing,Saudi National Bank,Dammam,KHM0008,KHM-19008,duplex,5,5,340.0,19,sea,2,3812000.0,KHM,Khobar Marina,Al Khobar
147,2025-08-01,1858000.0,5.86,cash,,Riyadh,NRJ0289,NRJ-289,townhouse,4,3,260.0,,city,2,1804000.0,NRJ,Narjis Oasis,Riyadh
146,2025-08-02,3929000.0,3.8,bank_financing,Al Rajhi Bank,Jeddah,NRJ0156,NRJ-156,villa,6,6,475.0,,street,2,3734000.0,NRJ,Narjis Oasis,Riyadh
848,2025-08-02,931000.0,0.68,bank_financing,Saudi National Bank,Riyadh,YSM0364,YSM-11364,apartment,3,2,130.0,11,park,1,887000.0,YSM,Yasmin Suburb,Riyadh
148,2025-08-03,2603000.0,1.54,bank_financing,Riyad Bank,Dammam,NRJ0115,NRJ-115,villa,4,4,350.0,,garden,2,2417000.0,NRJ,Narjis Oasis,Riyadh
849,2025-08-03,2012000.0,2.15,bank_financing,Bank AlBilad,Jeddah,YSM0052,YSM-052,townhouse,4,3,285.0,,street,2,1946000.0,YSM,Yasmin Suburb,Riyadh
850,2025-08-03,1267000.0,1.49,bank_financing,Bank AlBilad,Riyadh,YSM0097,YSM-14097,apartment,4,3,185.0,14,park,2,1217000.0,YSM,Yasmin Suburb,Riyadh
1109,2025-08-03,1682000.0,1.64,bank_financing,Riyad Bank,Al Khobar,KHM0104,KHM-12104,apartment,3,2,180.0,12,garden,2,1651000.0,KHM,Khobar Marina,Al Khobar
1299,2025-08-03,1251000.0,2.05,cash,,Jeddah,AQQ0078,AQQ-078,townhouse,4,3,245.0,,street,2,1252000.0,AQQ,Wadi Al Aqiq,Madinah
851,2025-08-04,1077000.0,1.57,bank_financing,Bank AlBilad,Jeddah,YSM0362,YSM-21362,apartment,3,2,160.0,21,street,2,1036000.0,YSM,Yasmin Suburb,Riyadh
1112,2025-08-04,1339000.0,2.41,bank_financing,Saudi National Bank,Riyadh,KHM0193,KHM-09193,apartment,4,3,155.0,9,park,2,1325000.0,KHM,Khobar Marina,Al Khobar
1300,2025-08-04,1654000.0,2.08,cash,,Jeddah,AQQ0263,AQQ-263,townhouse,5,4,320.0,,garden,2,1656000.0,AQQ,Wadi Al Aqiq,Madinah
846,2025-08-05,901000.0,2.06,bank_financing,Bank AlBilad,Dammam,YSM0508,YSM-02508,apartment,3,2,140.0,2,park,1,871000.0,YSM,Yasmin Suburb,Riyadh
843,2025-08-06,1424000.0,2.33,bank_financing,Saudi National Bank,Dammam,YSM0292,YSM-08292,apartment,4,3,210.0,8,city,2,1380000.0,YSM,Yasmin Suburb,Riyadh
1296,2025-08-06,2629000.0,3.52,bank_financing,Bank AlBilad,Riyadh,AQQ0028,AQQ-028,villa,5,5,450.0,,street,2,2671000.0,AQQ,Wadi Al Aqiq,Madinah
372,2025-08-07,1619000.0,0.54,bank_financing,Banque Saudi Fransi,Jeddah,CST0274,CST-05274,apartment,3,2,150.0,5,garden,2,1510000.0,CST,Coast Towers,Jeddah
374,2025-08-08,2154000.0,1.28,bank_financing,Bank AlBilad,Jeddah,CST0181,CST-10181,apartment,4,3,180.0,10,city,2,2025000.0,CST,Coast Towers,Jeddah
841,2025-08-09,1333000.0,1.81,cash,,Dammam,YSM0173,YSM-08173,apartment,4,3,190.0,8,park,2,1285000.0,YSM,Yasmin Suburb,Riyadh
590,2025-08-10,1729000.0,0.0,bank_financing,Bank AlBilad,Riyadh,RWB0163,RWB-19163,duplex,5,5,270.0,19,street,2,1542000.0,RWB,Al Rawabi District,Dammam
845,2025-08-11,1073000.0,1.01,bank_financing,Banque Saudi Fransi,Riyadh,YSM0195,YSM-06195,apartment,3,2,175.0,6,street,2,1026000.0,YSM,Yasmin Suburb,Riyadh
144,2025-08-12,1543000.0,2.54,cash,,Riyadh,NRJ0014,NRJ-014,townhouse,3,2,230.0,,street,2,1447000.0,NRJ,Narjis Oasis,Riyadh
1110,2025-08-12,3357000.0,2.95,bank_financing,Riyad Bank,Dammam,KHM0049,KHM-15049,duplex,5,5,320.0,15,park,2,3341000.0,KHM,Khobar Marina,Al Khobar
1111,2025-08-12,892000.0,0.48,bank_financing,Riyad Bank,Al Khobar,KHM0277,KHM-01277,apartment,2,1,105.0,1,street,1,866000.0,KHM,Khobar Marina,Al Khobar
852,2025-08-14,1371000.0,0.27,bank_financing,Saudi National Bank,Riyadh,YSM0467,YSM-22467,apartment,4,3,190.0,22,street,2,1301000.0,YSM,Yasmin Suburb,Riyadh
589,2025-08-15,1514000.0,0.0,bank_financing,Saudi National Bank,Riyadh,RWB0113,RWB-04113,duplex,4,4,255.0,4,garden,2,1350000.0,RWB,Al Rawabi District,Dammam
840,2025-08-15,2051000.0,1.05,cash,,Dammam,YSM0454,YSM-454,townhouse,5,4,290.0,,garden,2,1962000.0,YSM,Yasmin Suburb,Riyadh
145,2025-08-16,3459000.0,0.0,bank_financing,Riyad Bank,Jeddah,NRJ0032,NRJ-032,villa,6,6,415.0,,park,2,3162000.0,NRJ,Narjis Oasis,Riyadh
370,2025-08-16,4585000.0,3.91,bank_financing,Riyad Bank,Riyadh,CST0317,CST-12317,duplex,4,4,325.0,12,park,2,4428000.0,CST,Coast Towers,Jeddah
373,2025-08-16,4167000.0,4.22,bank_financing,Riyad Bank,Jeddah,CST0286,CST-15286,duplex,5,5,320.0,15,park,2,4037000.0,CST,Coast Towers,Jeddah
591,2025-08-16,2903000.0,3.44,bank_financing,Riyad Bank,Dammam,RWB0096,RWB-096,villa,6,6,500.0,,street,2,2681000.0,RWB,Al Rawabi District,Dammam
842,2025-08-17,1666000.0,5.56,bank_financing,Banque Saudi Fransi,Jeddah,YSM0188,YSM-188,townhouse,3,2,245.0,,garden,2,1670000.0,YSM,Yasmin Suburb,Riyadh
1105,2025-08-17,2910000.0,2.55,bank_financing,Bank AlBilad,Jeddah,KHM0060,KHM-19060,duplex,4,4,275.0,19,street,2,2884000.0,KHM,Khobar Marina,Al Khobar
1107,2025-08-18,3327000.0,0.0,bank_financing,Banque Saudi Fransi,Dammam,KHM0167,KHM-19167,duplex,4,4,300.0,19,city,2,3213000.0,KHM,Khobar Marina,Al Khobar
369,2025-08-20,1228000.0,0.46,bank_financing,Al Rajhi Bank,Jeddah,CST0273,CST-24273,apartment,2,1,110.0,24,street,1,1145000.0,CST,Coast Towers,Jeddah
844,2025-08-21,1285000.0,1.49,bank_financing,Banque Saudi Fransi,Dammam,YSM0259,YSM-04259,apartment,4,3,205.0,4,street,2,1235000.0,YSM,Yasmin Suburb,Riyadh
1106,2025-08-21,2914000.0,2.42,bank_financing,Bank AlBilad,Jeddah,KHM0032,KHM-12032,duplex,5,5,290.0,12,street,2,2884000.0,KHM,Khobar Marina,Al Khobar
1298,2025-08-21,1288000.0,4.03,bank_financing,Al Rajhi Bank,Madinah,AQQ0261,AQQ-261,townhouse,3,2,250.0,,city,2,1316000.0,AQQ,Wadi Al Aqiq,Madinah
371,2025-08-22,1272000.0,2.84,bank_financing,Bank AlBilad,Riyadh,CST0276,CST-17276,apartment,2,1,100.0,17,sea,1,1215000.0,CST,Coast Towers,Jeddah
1292,2025-08-22,1408000.0,1.33,bank_financing,Saudi National Bank,Madinah,AQQ0172,AQQ-172,townhouse,3,2,275.0,,garden,2,1399000.0,AQQ,Wadi Al Aqiq,Madinah
1294,2025-08-22,1234000.0,0.97,bank_financing,Riyad Bank,Jeddah,AQQ0165,AQQ-165,townhouse,3,2,230.0,,garden,2,1221000.0,AQQ,Wadi Al Aqiq,Madinah
1295,2025-08-22,2141000.0,3.02,bank_financing,Bank AlBilad,Madinah,AQQ0070,AQQ-070,villa,4,4,400.0,,garden,2,2164000.0,AQQ,Wadi Al Aqiq,Madinah
853,2025-08-23,1864000.0,1.23,bank_financing,Bank AlBilad,Dammam,YSM0468,YSM-468,townhouse,5,4,290.0,,city,2,1787000.0,YSM,Yasmin Suburb,Riyadh
588,2025-08-24,2506000.0,0.75,bank_financing,Riyad Bank,Jeddah,RWB0189,RWB-189,villa,5,5,410.0,,park,2,2251000.0,RWB,Al Rawabi District,Dammam
1293,2025-08-26,1561000.0,1.75,cash,,Jeddah,AQQ0207,AQQ-207,townhouse,5,4,315.0,,street,2,1557000.0,AQQ,Wadi Al Aqiq,Madinah
847,2025-08-27,1850000.0,0.53,bank_financing,Saudi National Bank,Riyadh,YSM0158,YSM-158,townhouse,4,3,275.0,,park,2,1761000.0,YSM,Yasmin Suburb,Riyadh
1108,2025-08-27,1992000.0,0.0,bank_financing,Al Rajhi Bank,Dammam,KHM0221,KHM-15221,apartment,4,3,205.0,15,park,2,1924000.0,KHM,Khobar Marina,Al Khobar
1297,2025-08-27,1218000.0,1.96,bank_financing,Riyad Bank,Madinah,AQQ0247,AQQ-247,townhouse,3,2,235.0,,street,2,1218000.0,AQQ,Wadi Al Aqiq,Madinah
1113,2025-09-01,1908000.0,1.73,cash,,Dammam,KHM0198,KHM-11198,apartment,4,3,195.0,11,garden,2,1866000.0,KHM,Khobar Marina,Al Khobar
379,2025-09-02,4221000.0,0.52,bank_financing,Riyad Bank,Riyadh,CST0195,CST-06195,duplex,5,5,300.0,6,sea,2,3918000.0,CST,Coast Towers,Jeddah
1309,2025-09-02,2573000.0,1.04,bank_financing,Bank AlBilad,Jeddah,AQQ0038,AQQ-038,villa,5,5,465.0,,garden,2,2536000.0,AQQ,Wadi Al Aqiq,Madinah
858,2025-09-03,803000.0,0.0,bank_financing,Riyad Bank,Riyadh,YSM0088,YSM-03088,apartment,3,2,130.0,3,street,1,756000.0,YSM,Yasmin Suburb,Riyadh
1115,2025-09-03,3610000.0,3.15,cash,,Al Khobar,KHM0091,KHM-18091,duplex,5,5,335.0,18,city,2,3582000.0,KHM,Khobar Marina,Al Khobar
1306,2025-09-03,1626000.0,3.32,bank_financing,Banque Saudi Fransi,Madinah,AQQ0069,AQQ-069,townhouse,5,4,290.0,,park,2,1640000.0,AQQ,Wadi Al Aqiq,Madinah
1122,2025-09-04,3026000.0,0.0,bank_financing,Bank AlBilad,Jeddah,KHM0205,KHM-05205,duplex,5,5,285.0,5,park,2,2908000.0,KHM,Khobar Marina,Al Khobar
378,2025-09-05,3104000.0,3.19,bank_financing,Riyad Bank,Dammam,CST0160,CST-06160,duplex,5,5,255.0,6,garden,2,2960000.0,CST,Coast Towers,Jeddah
380,2025-09-05,1180000.0,1.69,bank_financing,Banque Saudi Fransi,Jeddah,CST0234,CST-21234,apartment,2,1,100.0,21,street,1,1108000.0,CST,Coast Towers,Jeddah
854,2025-09-05,1644000.0,2.79,bank_financing,Saudi National Bank,Riyadh,YSM0370,YSM-370,townhouse,3,2,240.0,,city,2,1593000.0,YSM,Yasmin Suburb,Riyadh
859,2025-09-05,1028000.0,0.86,bank_financing,Saudi National Bank,Riyadh,YSM0345,YSM-05345,apartment,4,3,155.0,5,park,2,977000.0,YSM,Yasmin Suburb,Riyadh
1117,2025-09-05,2812000.0,2.36,cash,,Riyadh,KHM0079,KHM-07079,duplex,4,4,280.0,7,park,2,2767000.0,KHM,Khobar Marina,Al Khobar
1121,2025-09-05,2859000.0,0.31,bank_financing,Al Rajhi Bank,Riyadh,KHM0173,KHM-03173,duplex,4,4,255.0,3,sea,2,2756000.0,KHM,Khobar Marina,Al Khobar
1301,2025-09-05,1397000.0,1.83,cash,,Madinah,AQQ0027,AQQ-027,townhouse,4,3,255.0,,city,2,1388000.0,AQQ,Wadi Al Aqiq,Madinah
382,2025-09-07,2062000.0,0.85,bank_financing,Riyad Bank,Jeddah,CST0412,CST-10412,apartment,4,3,175.0,10,garden,2,1920000.0,CST,Coast Towers,Jeddah
376,2025-09-08,1594000.0,3.33,bank_financing,Banque Saudi Fransi,Jeddah,CST0092,CST-12092,apartment,2,1,125.0,12,sea,1,1522000.0,CST,Coast Towers,Jeddah
377,2025-09-08,4759000.0,1.2,bank_financing,Bank AlBilad,Jeddah,CST0397,CST-11397,duplex,5,5,330.0,11,sea,2,4447000.0,CST,Coast Towers,Jeddah
1114,2025-09-08,2849000.0,1.99,bank_financing,Al Rajhi Bank,Dammam,KHM0103,KHM-24103,duplex,4,4,280.0,24,garden,2,2793000.0,KHM,Khobar Marina,Al Khobar
594,2025-09-10,2097000.0,3.84,bank_financing,Al Rajhi Bank,Dammam,RWB0027,RWB-04027,duplex,5,5,340.0,4,park,2,1935000.0,RWB,Al Rawabi District,Dammam
151,2025-09-11,2881000.0,3.24,bank_financing,Al Rajhi Bank,Riyadh,NRJ0060,NRJ-060,villa,4,4,345.0,,garden,2,2708000.0,NRJ,Narjis Oasis,Riyadh
860,2025-09-11,778000.0,3.55,bank_financing,Bank AlBilad,Dammam,YSM0171,YSM-21171,apartment,2,1,120.0,21,garden,1,760000.0,YSM,Yasmin Suburb,Riyadh
1118,2025-09-12,3777000.0,1.29,cash,,Al Khobar,KHM0192,KHM-16192,duplex,4,4,310.0,16,sea,2,3677000.0,KHM,Khobar Marina,Al Khobar
1123,2025-09-12,2399000.0,0.0,bank_financing,Bank AlBilad,Al Khobar,KHM0052,KHM-06052,duplex,4,4,245.0,6,park,2,2305000.0,KHM,Khobar Marina,Al Khobar
152,2025-09-13,2886000.0,2.08,bank_financing,Bank AlBilad,Jeddah,NRJ0221,NRJ-221,villa,4,4,345.0,,city,2,2681000.0,NRJ,Narjis Oasis,Riyadh
866,2025-09-13,2139000.0,2.26,bank_financing,Riyad Bank,Riyadh,YSM0441,YSM-441,townhouse,5,4,295.0,,garden,2,2061000.0,YSM,Yasmin Suburb,Riyadh
855,2025-09-14,707000.0,0.0,bank_financing,Al Rajhi Bank,Riyadh,YSM0031,YSM-23031,apartment,2,1,100.0,23,city,1,666000.0,YSM,Yasmin Suburb,Riyadh
1310,2025-09-14,1250000.0,3.13,bank_financing,Bank AlBilad,Dammam,AQQ0280,AQQ-280,townhouse,4,3,260.0,,garden,2,1259000.0,AQQ,Wadi Al Aqiq,Madinah
154,2025-09-15,3813000.0,2.63,bank_financing,Banque Saudi Fransi,Riyadh,NRJ0245,NRJ-245,villa,5,5,445.0,,park,2,3562000.0,NRJ,Narjis Oasis,Riyadh
1116,2025-09-15,2508000.0,2.03,bank_financing,Bank AlBilad,Riyadh,KHM0239,KHM-16239,duplex,4,4,245.0,16,garden,2,2460000.0,KHM,Khobar Marina,Al Khobar
1303,2025-09-15,1396000.0,0.0,bank_financing,Riyad Bank,Madinah,AQQ0097,AQQ-097,townhouse,4,3,275.0,,street,2,1362000.0,AQQ,Wadi Al Aqiq,Madinah
375,2025-09-16,1779000.0,2.4,bank_financing,Riyad Bank,Jeddah,CST0058,CST-03058,apartment,3,2,155.0,3,garden,2,1683000.0,CST,Coast Towers,Jeddah
861,2025-09-16,1729000.0,0.59,bank_financing,Saudi National Bank,Riyadh,YSM0176,YSM-176,townhouse,3,2,240.0,,city,2,1638000.0,YSM,Yasmin Suburb,Riyadh
592,2025-09-17,2348000.0,1.38,bank_financing,Saudi National Bank,Dammam,RWB0167,RWB-167,villa,4,4,365.0,,park,2,2112000.0,RWB,Al Rawabi District,Dammam
1305,2025-09-17,1420000.0,3.87,bank_financing,Al Rajhi Bank,Madinah,AQQ0061,AQQ-061,townhouse,5,4,310.0,,street,2,1441000.0,AQQ,Wadi Al Aqiq,Madinah
865,2025-09-19,1378000.0,2.27,bank_financing,Riyad Bank,Jeddah,YSM0457,YSM-04457,apartment,4,3,200.0,4,street,2,1328000.0,YSM,Yasmin Suburb,Riyadh
149,2025-09-20,1908000.0,1.35,bank_financing,Saudi National Bank,Riyadh,NRJ0090,NRJ-090,townhouse,4,3,250.0,,garden,2,1759000.0,NRJ,Narjis Oasis,Riyadh
381,2025-09-20,2576000.0,2.53,bank_financing,Banque Saudi Fransi,Jeddah,CST0033,CST-14033,apartment,3,2,190.0,14,sea,2,2440000.0,CST,Coast Towers,Jeddah
856,2025-09-20,910000.0,1.25,bank_financing,Riyad Bank,Riyadh,YSM0143,YSM-04143,apartment,2,1,140.0,4,street,1,868000.0,YSM,Yasmin Suburb,Riyadh
153,2025-09-21,3935000.0,2.61,bank_financing,Saudi National Bank,Riyadh,NRJ0340,NRJ-340,villa,5,5,485.0,,street,2,3675000.0,NRJ,Narjis Oasis,Riyadh
867,2025-09-21,869000.0,1.89,bank_financing,Saudi National Bank,Riyadh,YSM0325,YSM-12325,apartment,3,2,125.0,12,park,1,834000.0,YSM,Yasmin Suburb,Riyadh
150,2025-09-22,4089000.0,4.9,bank_financing,Bank AlBilad,Dammam,NRJ0226,NRJ-226,villa,6,6,510.0,,city,2,3911000.0,NRJ,Narjis Oasis,Riyadh
593,2025-09-22,2226000.0,3.29,cash,,Jeddah,RWB0053,RWB-053,villa,5,5,360.0,,garden,2,2042000.0,RWB,Al Rawabi District,Dammam
1307,2025-09-22,2597000.0,3.57,bank_financing,Saudi National Bank,Riyadh,AQQ0171,AQQ-171,villa,5,5,440.0,,city,2,2627000.0,AQQ,Wadi Al Aqiq,Madinah
862,2025-09-24,1717000.0,1.35,bank_financing,Saudi National Bank,Riyadh,YSM0135,YSM-135,townhouse,3,2,240.0,,garden,2,1639000.0,YSM,Yasmin Suburb,Riyadh
864,2025-09-24,598000.0,2.69,bank_financing,Saudi National Bank,Jeddah,YSM0366,YSM-20366,apartment,2,1,95.0,20,street,1,579000.0,YSM,Yasmin Suburb,Riyadh
857,2025-09-25,1390000.0,0.6,cash,,Riyadh,YSM0251,YSM-24251,apartment,4,3,195.0,24,street,2,1317000.0,YSM,Yasmin Suburb,Riyadh
1119,2025-09-25,3482000.0,2.73,cash,,Riyadh,KHM0208,KHM-22208,duplex,4,4,325.0,22,city,2,3440000.0,KHM,Khobar Marina,Al Khobar
1120,2025-09-25,1568000.0,0.99,bank_financing,Saudi National Bank,Al Khobar,KHM0212,KHM-18212,apartment,3,2,150.0,18,sea,2,1522000.0,KHM,Khobar Marina,Al Khobar
1302,2025-09-26,1711000.0,2.48,bank_financing,Banque Saudi Fransi,Jeddah,AQQ0220,AQQ-220,villa,4,4,325.0,,street,2,1711000.0,AQQ,Wadi Al Aqiq,Madinah
1304,2025-09-26,1311000.0,1.71,bank_financing,Saudi National Bank,Madinah,AQQ0162,AQQ-162,townhouse,4,3,265.0,,city,2,1301000.0,AQQ,Wadi Al Aqiq,Madinah
1308,2025-09-26,2719000.0,0.0,bank_financing,Al Rajhi Bank,Madinah,AQQ0032,AQQ-032,villa,6,6,480.0,,street,2,2652000.0,AQQ,Wadi Al Aqiq,Madinah
863,2025-09-27,2394000.0,1.09,bank_financing,Al Rajhi Bank,Riyadh,YSM0064,YSM-064,townhouse,5,4,315.0,,garden,2,2280000.0,YSM,Yasmin Suburb,Riyadh
158,2025-10-01,1800000.0,1.26,cash,,Dammam,NRJ0232,NRJ-232,townhouse,4,3,235.0,,city,2,1650000.0,NRJ,Narjis Oasis,Riyadh
391,2025-10-01,2113000.0,1.66,bank_financing,Al Rajhi Bank,Jeddah,CST0289,CST-17289,apartment,3,2,180.0,17,city,2,1974000.0,CST,Coast Towers,Jeddah
383,2025-10-02,1719000.0,0.36,bank_financing,Riyad Bank,Jeddah,CST0221,CST-03221,apartment,3,2,145.0,3,city,1,1585000.0,CST,Coast Towers,Jeddah
597,2025-10-02,1795000.0,1.18,bank_financing,Al Rajhi Bank,Dammam,RWB0059,RWB-12059,duplex,5,5,280.0,12,park,2,1603000.0,RWB,Al Rawabi District,Dammam
872,2025-10-02,937000.0,0.0,bank_financing,Banque Saudi Fransi,Riyadh,YSM0461,YSM-13461,apartment,3,2,130.0,13,garden,1,878000.0,YSM,Yasmin Suburb,Riyadh
384,2025-10-03,4134000.0,1.23,bank_financing,Banque Saudi Fransi,Jeddah,CST0374,CST-01374,duplex,5,5,350.0,1,garden,2,3845000.0,CST,Coast Towers,Jeddah
387,2025-10-03,1758000.0,1.39,bank_financing,Bank AlBilad,Dammam,CST0358,CST-03358,apartment,3,2,160.0,3,city,2,1638000.0,CST,Coast Towers,Jeddah
388,2025-10-04,3805000.0,3.22,bank_financing,Riyad Bank,Jeddah,CST0005,CST-08005,duplex,4,4,340.0,8,street,2,3612000.0,CST,Coast Towers,Jeddah
598,2025-10-04,2553000.0,2.35,bank_financing,Riyad Bank,Dammam,RWB0186,RWB-186,villa,4,4,415.0,,city,2,2308000.0,RWB,Al Rawabi District,Dammam
870,2025-10-04,679000.0,0.0,bank_financing,Bank AlBilad,Riyadh,YSM0191,YSM-21191,apartment,2,1,95.0,21,garden,1,636000.0,YSM,Yasmin Suburb,Riyadh
390,2025-10-05,4601000.0,0.0,bank_financing,Al Rajhi Bank,Riyadh,CST0243,CST-21243,duplex,5,5,335.0,21,city,2,4227000.0,CST,Coast Towers,Jeddah
868,2025-10-05,776000.0,2.13,bank_financing,Bank AlBilad,Dammam,YSM0431,YSM-23431,apartment,2,1,115.0,23,city,1,743000.0,YSM,Yasmin Suburb,Riyadh
883,2025-10-05,737000.0,3.74,bank_financing,Saudi National Bank,Dammam,YSM0233,YSM-18233,apartment,3,2,110.0,18,city,1,718000.0,YSM,Yasmin Suburb,Riyadh
1134,2025-10-05,3023000.0,0.58,bank_financing,Bank AlBilad,Al Khobar,KHM0157,KHM-06157,duplex,5,5,305.0,6,street,2,2907000.0,KHM,Khobar Marina,Al Khobar
162,2025-10-06,2195000.0,4.25,bank_financing,Banque Saudi Fransi,Riyadh,NRJ0059,NRJ-059,townhouse,5,4,310.0,,street,2,2075000.0,NRJ,Narjis Oasis,Riyadh
1127,2025-10-06,3187000.0,2.55,bank_financing,Banque Saudi Fransi,Al Khobar,KHM0262,KHM-21262,duplex,4,4,280.0,21,city,2,3127000.0,KHM,Khobar Marina,Al Khobar
1317,2025-10-07,2984000.0,2.34,cash,,Madinah,AQQ0164,AQQ-164,villa,5,5,510.0,,park,2,2966000.0,AQQ,Wadi Al Aqiq,Madinah
159,2025-10-08,3014000.0,3.57,bank_financing,Al Rajhi Bank,Dammam,NRJ0103,NRJ-103,villa,4,4,350.0,,street,2,2829000.0,NRJ,Narjis Oasis,Riyadh
386,2025-10-08,4602000.0,3.96,bank_financing,Banque Saudi Fransi,Jeddah,CST0224,CST-10224,duplex,5,5,340.0,10,park,2,4402000.0,CST,Coast Towers,Jeddah
389,2025-10-08,3602000.0,2.96,cash,,Jeddah,CST0343,CST-11343,duplex,4,4,270.0,11,park,2,3410000.0,CST,Coast Towers,Jeddah
871,2025-10-08,601000.0,4.37,bank_financing,Banque Saudi Fransi,Riyadh,YSM0399,YSM-09399,apartment,2,1,100.0,9,street,1,589000.0,YSM,Yasmin Suburb,Riyadh
1322,2025-10-08,2725000.0,3.0,bank_financing,Al Rajhi Bank,Madinah,AQQ0194,AQQ-194,villa,5,5,460.0,,garden,2,2727000.0,AQQ,Wadi Al Aqiq,Madinah
161,2025-10-09,2021000.0,0.55,bank_financing,Riyad Bank,Riyadh,NRJ0314,NRJ-314,townhouse,3,2,260.0,,street,2,1839000.0,NRJ,Narjis Oasis,Riyadh
596,2025-10-09,2907000.0,1.97,bank_financing,Saudi National Bank,Jeddah,RWB0023,RWB-023,villa,6,6,435.0,,park,2,2618000.0,RWB,Al Rawabi District,Dammam
873,2025-10-09,1826000.0,0.68,cash,,Riyadh,YSM0386,YSM-386,townhouse,4,3,265.0,,street,2,1723000.0,YSM,Yasmin Suburb,Riyadh
595,2025-10-10,2025000.0,1.79,bank_financing,Saudi National Bank,Jeddah,RWB0154,RWB-154,villa,4,4,320.0,,garden,2,1820000.0,RWB,Al Rawabi District,Dammam
1124,2025-10-10,3576000.0,0.96,bank_financing,Banque Saudi Fransi,Dammam,KHM0310,KHM-01310,duplex,4,4,350.0,1,city,2,3452000.0,KHM,Khobar Marina,Al Khobar
1125,2025-10-10,3583000.0,2.73,bank_financing,Banque Saudi Fransi,Al Khobar,KHM0145,KHM-17145,duplex,5,5,340.0,17,garden,2,3522000.0,KHM,Khobar Marina,Al Khobar
1137,2025-10-10,2824000.0,2.8,cash,,Dammam,KHM0302,KHM-13302,duplex,4,4,280.0,13,street,2,2778000.0,KHM,Khobar Marina,Al Khobar
385,2025-10-11,4068000.0,2.64,cash,,Jeddah,CST0131,CST-07131,duplex,5,5,305.0,7,park,2,3839000.0,CST,Coast Towers,Jeddah
869,2025-10-11,1112000.0,1.16,cash,,Dammam,YSM0346,YSM-07346,apartment,4,3,170.0,7,street,2,1054000.0,YSM,Yasmin Suburb,Riyadh
1138,2025-10-11,1299000.0,2.2,bank_financing,Al Rajhi Bank,Jeddah,KHM0293,KHM-18293,apartment,3,2,140.0,18,street,1,1270000.0,KHM,Khobar Marina,Al Khobar
874,2025-10-12,2035000.0,0.0,bank_financing,Bank AlBilad,Riyadh,YSM0193,YSM-193,townhouse,4,3,285.0,,street,2,1907000.0,YSM,Yasmin Suburb,Riyadh
1128,2025-10-12,1411000.0,2.02,bank_financing,Banque Saudi Fransi,Jeddah,KHM0075,KHM-08075,apartment,4,3,160.0,8,city,2,1377000.0,KHM,Khobar Marina,Al Khobar
1311,2025-10-12,2916000.0,1.78,bank_financing,Saudi National Bank,Madinah,AQQ0080,AQQ-080,villa,6,6,510.0,,street,2,2881000.0,AQQ,Wadi Al Aqiq,Madinah
877,2025-10-13,883000.0,2.71,bank_financing,Bank AlBilad,Riyadh,YSM0244,YSM-15244,apartment,2,1,125.0,15,garden,1,851000.0,YSM,Yasmin Suburb,Riyadh
1136,2025-10-13,2464000.0,1.61,bank_financing,Al Rajhi Bank,Dammam,KHM0162,KHM-12162,duplex,4,4,260.0,12,street,2,2394000.0,KHM,Khobar Marina,Al Khobar
1316,2025-10-14,2164000.0,3.93,bank_financing,Al Rajhi Bank,Jeddah,AQQ0232,AQQ-232,villa,5,5,425.0,,street,2,2186000.0,AQQ,Wadi Al Aqiq,Madinah
1318,2025-10-14,1662000.0,1.72,cash,,Riyadh,AQQ0109,AQQ-109,townhouse,5,4,320.0,,garden,2,1641000.0,AQQ,Wadi Al Aqiq,Madinah
880,2025-10-15,1144000.0,0.71,bank_financing,Bank AlBilad,Riyadh,YSM0348,YSM-04348,apartment,3,2,180.0,4,garden,2,1080000.0,YSM,Yasmin Suburb,Riyadh
160,2025-10-16,2329000.0,1.71,bank_financing,Riyad Bank,Riyadh,NRJ0089,NRJ-089,townhouse,4,3,300.0,,park,2,2145000.0,NRJ,Narjis Oasis,Riyadh
881,2025-10-16,949000.0,3.82,bank_financing,Banque Saudi Fransi,Riyadh,YSM0087,YSM-21087,apartment,3,2,140.0,21,street,1,925000.0,YSM,Yasmin Suburb,Riyadh
1320,2025-10-16,1143000.0,2.33,cash,,Riyadh,AQQ0219,AQQ-219,townhouse,3,2,220.0,,street,2,1136000.0,AQQ,Wadi Al Aqiq,Madinah
1315,2025-10-17,2106000.0,2.46,cash,,Dammam,AQQ0146,AQQ-146,villa,5,5,375.0,,city,2,2096000.0,AQQ,Wadi Al Aqiq,Madinah
393,2025-10-18,4904000.0,0.27,bank_financing,Riyad Bank,Dammam,CST0141,CST-23141,duplex,5,5,355.0,23,city,2,4517000.0,CST,Coast Towers,Jeddah
599,2025-10-19,1870000.0,1.07,cash,,Riyadh,RWB0112,RWB-10112,duplex,5,5,305.0,10,garden,2,1669000.0,RWB,Al Rawabi District,Dammam
882,2025-10-19,2194000.0,2.87,bank_financing,Riyad Bank,Riyadh,YSM0274,YSM-274,townhouse,5,4,310.0,,city,2,2117000.0,YSM,Yasmin Suburb,Riyadh
1126,2025-10-19,2599000.0,1.62,cash,,Dammam,KHM0078,KHM-10078,duplex,4,4,250.0,10,city,2,2526000.0,KHM,Khobar Marina,Al Khobar
1131,2025-10-19,1267000.0,0.65,bank_financing,Al Rajhi Bank,Al Khobar,KHM0059,KHM-20059,apartment,3,2,135.0,20,garden,1,1219000.0,KHM,Khobar Marina,Al Khobar
1139,2025-10-19,1919000.0,4.81,bank_financing,Saudi National Bank,Al Khobar,KHM0254,KHM-08254,apartment,4,3,205.0,8,park,2,1928000.0,KHM,Khobar Marina,Al Khobar
1319,2025-10-19,1207000.0,1.36,bank_financing,Bank AlBilad,Dammam,AQQ0123,AQQ-123,townhouse,3,2,235.0,,park,2,1188000.0,AQQ,Wadi Al Aqiq,Madinah
876,2025-10-20,1181000.0,1.81,bank_financing,Riyad Bank,Riyadh,YSM0482,YSM-21482,apartment,3,2,165.0,21,garden,2,1127000.0,YSM,Yasmin Suburb,Riyadh
1321,2025-10-20,1609000.0,2.53,cash,,Madinah,AQQ0047,AQQ-047,townhouse,5,4,305.0,,garden,2,1602000.0,AQQ,Wadi Al Aqiq,Madinah
155,2025-10-21,3338000.0,0.0,bank_financing,Saudi National Bank,Jeddah,NRJ0166,NRJ-166,villa,4,4,370.0,,city,2,3021000.0,NRJ,Narjis Oasis,Riyadh
875,2025-10-22,1850000.0,3.72,bank_financing,Al Rajhi Bank,Riyadh,YSM0400,YSM-400,townhouse,4,3,255.0,,park,2,1801000.0,YSM,Yasmin Suburb,Riyadh
1130,2025-10-22,1850000.0,2.07,bank_financing,Saudi National Bank,Al Khobar,KHM0128,KHM-06128,apartment,3,2,200.0,6,park,2,1806000.0,KHM,Khobar Marina,Al Khobar
1312,2025-10-23,1443000.0,0.0,cash,,Madinah,AQQ0092,AQQ-092,townhouse,4,3,280.0,,garden,2,1400000.0,AQQ,Wadi Al Aqiq,Madinah
156,2025-10-24,3295000.0,4.2,bank_financing,Riyad Bank,Jeddah,NRJ0195,NRJ-195,villa,5,5,395.0,,garden,2,3113000.0,NRJ,Narjis Oasis,Riyadh
879,2025-10-24,881000.0,0.91,bank_financing,Al Rajhi Bank,Riyadh,YSM0405,YSM-06405,apartment,2,1,120.0,6,street,1,833000.0,YSM,Yasmin Suburb,Riyadh
1133,2025-10-24,2954000.0,5.11,bank_financing,Riyad Bank,Al Khobar,KHM0296,KHM-23296,duplex,4,4,300.0,23,garden,2,2977000.0,KHM,Khobar Marina,Al Khobar
1314,2025-10-24,1863000.0,3.82,bank_financing,Saudi National Bank,Madinah,AQQ0013,AQQ-013,villa,5,5,335.0,,street,2,1880000.0,AQQ,Wadi Al Aqiq,Madinah
1129,2025-10-25,2836000.0,4.46,cash,,Dammam,KHM0135,KHM-14135,duplex,4,4,290.0,14,street,2,2838000.0,KHM,Khobar Marina,Al Khobar
1132,2025-10-26,3274000.0,1.45,bank_financing,Banque Saudi Fransi,Jeddah,KHM0055,KHM-10055,duplex,5,5,340.0,10,city,2,3176000.0,KHM,Khobar Marina,Al Khobar
1135,2025-10-26,1045000.0,0.0,bank_financing,Banque Saudi Fransi,Al Khobar,KHM0165,KHM-10165,apartment,2,1,115.0,10,street,1,999000.0,KHM,Khobar Marina,Al Khobar
1313,2025-10-26,1263000.0,0.0,bank_financing,Bank AlBilad,Madinah,AQQ0143,AQQ-143,townhouse,3,2,260.0,,street,2,1226000.0,AQQ,Wadi Al Aqiq,Madinah
157,2025-10-27,2346000.0,0.0,bank_financing,Bank AlBilad,Riyadh,NRJ0071,NRJ-071,townhouse,5,4,310.0,,street,2,2123000.0,NRJ,Narjis Oasis,Riyadh
392,2025-10-27,3449000.0,1.93,cash,,Jeddah,CST0288,CST-13288,duplex,5,5,280.0,13,park,2,3231000.0,CST,Coast Towers,Jeddah
878,2025-10-27,968000.0,0.12,cash,,Dammam,YSM0198,YSM-21198,apartment,3,2,140.0,21,garden,1,908000.0,YSM,Yasmin Suburb,Riyadh
1332,2025-11-01,1248000.0,4.36,bank_financing,Saudi National Bank,Dammam,AQQ0137,AQQ-137,townhouse,3,2,255.0,,park,2,1260000.0,AQQ,Wadi Al Aqiq,Madinah
168,2025-11-02,4210000.0,3.18,bank_financing,Al Rajhi Bank,Riyadh,NRJ0307,NRJ-307,villa,6,6,485.0,,park,2,3916000.0,NRJ,Narjis Oasis,Riyadh
897,2025-11-02,2054000.0,2.46,bank_financing,Al Rajhi Bank,Jeddah,YSM0411,YSM-411,townhouse,5,4,290.0,,garden,2,1964000.0,YSM,Yasmin Suburb,Riyadh
1323,2025-11-02,1174000.0,1.59,cash,,Madinah,AQQ0083,AQQ-083,townhouse,3,2,235.0,,street,2,1152000.0,AQQ,Wadi Al Aqiq,Madinah
1324,2025-11-03,1801000.0,0.0,bank_financing,Bank AlBilad,Madinah,AQQ0226,AQQ-226,townhouse,5,4,315.0,,park,2,1739000.0,AQQ,Wadi Al Aqiq,Madinah
1149,2025-11-04,1349000.0,2.67,bank_financing,Al Rajhi Bank,Jeddah,KHM0099,KHM-23099,apartment,3,2,130.0,23,sea,1,1319000.0,KHM,Khobar Marina,Al Khobar
397,2025-11-05,2258000.0,0.49,bank_financing,Bank AlBilad,Jeddah,CST0402,CST-02402,apartment,4,3,195.0,2,city,2,2074000.0,CST,Coast Towers,Jeddah
163,2025-11-06,2146000.0,1.94,cash,,Riyadh,NRJ0110,NRJ-110,townhouse,5,4,270.0,,park,2,1971000.0,NRJ,Narjis Oasis,Riyadh
601,2025-11-06,1743000.0,5.21,cash,,Jeddah,RWB0013,RWB-22013,duplex,5,5,285.0,22,street,2,1615000.0,RWB,Al Rawabi District,Dammam
1142,2025-11-07,3050000.0,0.34,cash,,Al Khobar,KHM0005,KHM-15005,duplex,4,4,285.0,15,garden,2,2912000.0,KHM,Khobar Marina,Al Khobar
1327,2025-11-07,2393000.0,2.13,bank_financing,Riyad Bank,Madinah,AQQ0260,AQQ-260,villa,6,6,430.0,,garden,2,2361000.0,AQQ,Wadi Al Aqiq,Madinah
1331,2025-11-08,2848000.0,1.44,cash,,Madinah,AQQ0223,AQQ-223,villa,6,6,505.0,,city,2,2790000.0,AQQ,Wadi Al Aqiq,Madinah
899,2025-11-09,1117000.0,2.86,bank_financing,Riyad Bank,Jeddah,YSM0019,YSM-22019,apartment,3,2,160.0,22,city,2,1072000.0,YSM,Yasmin Suburb,Riyadh
1329,2025-11-09,1519000.0,3.92,bank_financing,Banque Saudi Fransi,Madinah,AQQ0200,AQQ-200,townhouse,5,4,300.0,,city,2,1527000.0,AQQ,Wadi Al Aqiq,Madinah
167,2025-11-10,3470000.0,3.68,bank_financing,Al Rajhi Bank,Riyadh,NRJ0259,NRJ-259,villa,6,6,470.0,,street,2,3244000.0,NRJ,Narjis Oasis,Riyadh
885,2025-11-10,1907000.0,0.35,bank_financing,Saudi National Bank,Riyadh,YSM0397,YSM-397,townhouse,4,3,270.0,,park,2,1785000.0,YSM,Yasmin Suburb,Riyadh
1333,2025-11-10,2773000.0,3.98,bank_financing,Banque Saudi Fransi,Dammam,AQQ0039,AQQ-039,villa,6,6,495.0,,garden,2,2789000.0,AQQ,Wadi Al Aqiq,Madinah
396,2025-11-11,1245000.0,4.57,bank_financing,Saudi National Bank,Dammam,CST0222,CST-16222,apartment,2,1,100.0,16,sea,1,1193000.0,CST,Coast Towers,Jeddah
890,2025-11-11,2086000.0,0.34,bank_financing,Bank AlBilad,Riyadh,YSM0194,YSM-194,townhouse,4,3,280.0,,garden,2,1952000.0,YSM,Yasmin Suburb,Riyadh
898,2025-11-12,1046000.0,1.85,bank_financing,Banque Saudi Fransi,Riyadh,YSM0199,YSM-18199,apartment,4,3,155.0,18,street,2,994000.0,YSM,Yasmin Suburb,Riyadh
603,2025-11-14,1703000.0,6.83,bank_financing,Saudi National Bank,Dammam,RWB0100,RWB-09100,duplex,5,5,315.0,9,garden,2,1606000.0,RWB,Al Rawabi District,Dammam
400,2025-11-15,3381000.0,4.44,bank_financing,Bank AlBilad,Riyadh,CST0057,CST-22057,duplex,4,4,270.0,22,street,2,3234000.0,CST,Coast Towers,Jeddah
1144,2025-11-15,3248000.0,2.6,bank_financing,Saudi National Bank,Dammam,KHM0080,KHM-05080,duplex,4,4,290.0,5,park,2,3172000.0,KHM,Khobar Marina,Al Khobar
884,2025-11-16,2280000.0,0.33,cash,,Dammam,YSM0375,YSM-375,townhouse,4,3,295.0,,garden,2,2133000.0,YSM,Yasmin Suburb,Riyadh
891,2025-11-16,1576000.0,2.75,bank_financing,Riyad Bank,Riyadh,YSM0027,YSM-027,townhouse,4,3,235.0,,garden,2,1511000.0,YSM,Yasmin Suburb,Riyadh
893,2025-11-16,936000.0,1.91,bank_financing,Banque Saudi Fransi,Riyadh,YSM0069,YSM-22069,apartment,4,3,135.0,22,street,1,890000.0,YSM,Yasmin Suburb,Riyadh
1145,2025-11-16,3650000.0,4.2,bank_financing,Banque Saudi Fransi,Riyadh,KHM0288,KHM-02288,duplex,5,5,360.0,2,sea,2,3625000.0,KHM,Khobar Marina,Al Khobar
1150,2025-11-16,2687000.0,2.88,bank_financing,Riyad Bank,Jeddah,KHM0022,KHM-21022,duplex,4,4,260.0,21,garden,2,2632000.0,KHM,Khobar Marina,Al Khobar
888,2025-11-17,1387000.0,6.15,bank_financing,Banque Saudi Fransi,Jeddah,YSM0204,YSM-21204,apartment,4,3,205.0,21,street,2,1378000.0,YSM,Yasmin Suburb,Riyadh
889,2025-11-17,2116000.0,2.56,bank_financing,Banque Saudi Fransi,Jeddah,YSM0439,YSM-439,townhouse,5,4,310.0,,park,2,2025000.0,YSM,Yasmin Suburb,Riyadh
1141,2025-11-17,3104000.0,0.0,bank_financing,Banque Saudi Fransi,Jeddah,KHM0150,KHM-21150,duplex,4,4,275.0,21,city,2,2953000.0,KHM,Khobar Marina,Al Khobar
895,2025-11-18,1329000.0,0.77,bank_financing,Bank AlBilad,Riyadh,YSM0165,YSM-20165,apartment,3,2,180.0,20,park,2,1249000.0,YSM,Yasmin Suburb,Riyadh
1147,2025-11-18,2998000.0,1.86,bank_financing,Banque Saudi Fransi,Al Khobar,KHM0276,KHM-03276,duplex,4,4,305.0,3,park,2,2906000.0,KHM,Khobar Marina,Al Khobar
394,2025-11-19,2088000.0,0.18,bank_financing,Saudi National Bank,Riyadh,CST0261,CST-06261,apartment,3,2,190.0,6,street,2,1912000.0,CST,Coast Towers,Jeddah
896,2025-11-19,1805000.0,3.18,cash,,Jeddah,YSM0296,YSM-296,townhouse,4,3,240.0,,garden,2,1739000.0,YSM,Yasmin Suburb,Riyadh
170,2025-11-20,2180000.0,2.76,bank_financing,Bank AlBilad,Riyadh,NRJ0317,NRJ-317,townhouse,4,3,270.0,,park,2,2019000.0,NRJ,Narjis Oasis,Riyadh
894,2025-11-20,1717000.0,2.11,bank_financing,Saudi National Bank,Dammam,YSM0360,YSM-360,townhouse,4,3,220.0,,park,2,1636000.0,YSM,Yasmin Suburb,Riyadh
1325,2025-11-20,2330000.0,5.71,cash,,Riyadh,AQQ0193,AQQ-193,villa,5,5,435.0,,city,2,2386000.0,AQQ,Wadi Al Aqiq,Madinah
169,2025-11-21,3198000.0,4.39,cash,,Dammam,NRJ0008,NRJ-008,villa,4,4,385.0,,street,2,3012000.0,NRJ,Narjis Oasis,Riyadh
398,2025-11-21,3641000.0,1.05,cash,,Jeddah,CST0207,CST-19207,duplex,5,5,265.0,19,city,2,3364000.0,CST,Coast Towers,Jeddah
602,2025-11-21,1584000.0,1.09,bank_financing,Banque Saudi Fransi,Dammam,RWB0029,RWB-04029,duplex,5,5,255.0,4,garden,2,1407000.0,RWB,Al Rawabi District,Dammam
164,2025-11-22,2863000.0,0.0,bank_financing,Banque Saudi Fransi,Riyadh,NRJ0065,NRJ-065,villa,5,5,340.0,,park,2,2578000.0,NRJ,Narjis Oasis,Riyadh
1326,2025-11-22,1722000.0,0.0,bank_financing,Bank AlBilad,Dammam,AQQ0060,AQQ-060,townhouse,5,4,305.0,,park,2,1663000.0,AQQ,Wadi Al Aqiq,Madinah
886,2025-11-23,1013000.0,1.6,bank_financing,Bank AlBilad,Riyadh,YSM0458,YSM-11458,apartment,3,2,150.0,11,city,2,960000.0,YSM,Yasmin Suburb,Riyadh
165,2025-11-24,3720000.0,4.36,bank_financing,Saudi National Bank,Dammam,NRJ0283,NRJ-283,villa,5,5,445.0,,park,2,3503000.0,NRJ,Narjis Oasis,Riyadh
1148,2025-11-24,2555000.0,2.86,bank_financing,Bank AlBilad,Riyadh,KHM0100,KHM-11100,duplex,4,4,250.0,11,city,2,2502000.0,KHM,Khobar Marina,Al Khobar
1330,2025-11-24,2134000.0,0.0,cash,,Riyadh,AQQ0267,AQQ-267,villa,4,4,390.0,,street,2,2061000.0,AQQ,Wadi Al Aqiq,Madinah
395,2025-11-25,3560000.0,2.9,bank_financing,Saudi National Bank,Jeddah,CST0255,CST-20255,duplex,5,5,265.0,20,park,2,3352000.0,CST,Coast Towers,Jeddah
399,2025-11-25,4506000.0,2.37,bank_financing,Saudi National Bank,Riyadh,CST0292,CST-11292,duplex,5,5,355.0,11,park,2,4219000.0,CST,Coast Towers,Jeddah
600,2025-11-25,2467000.0,1.8,cash,,Dammam,RWB0211,RWB-211,villa,4,4,385.0,,garden,2,2207000.0,RWB,Al Rawabi District,Dammam
887,2025-11-25,681000.0,1.64,bank_financing,Riyad Bank,Riyadh,YSM0147,YSM-11147,apartment,2,1,105.0,11,city,1,646000.0,YSM,Yasmin Suburb,Riyadh
892,2025-11-25,977000.0,1.24,bank_financing,Al Rajhi Bank,Riyadh,YSM0279,YSM-04279,apartment,4,3,140.0,4,park,1,923000.0,YSM,Yasmin Suburb,Riyadh
1140,2025-11-25,2743000.0,2.01,bank_financing,Banque Saudi Fransi,Al Khobar,KHM0156,KHM-13156,duplex,4,4,270.0,13,street,2,2663000.0,KHM,Khobar Marina,Al Khobar
1143,2025-11-25,1319000.0,2.36,bank_financing,Riyad Bank,Jeddah,KHM0003,KHM-23003,apartment,2,1,135.0,23,park,1,1285000.0,KHM,Khobar Marina,Al Khobar
166,2025-11-27,3839000.0,1.47,bank_financing,Bank AlBilad,Riyadh,NRJ0114,NRJ-114,villa,5,5,470.0,,park,2,3509000.0,NRJ,Narjis Oasis,Riyadh
900,2025-11-27,2025000.0,1.38,bank_financing,Banque Saudi Fransi,Riyadh,YSM0124,YSM-124,townhouse,4,3,300.0,,city,2,1915000.0,YSM,Yasmin Suburb,Riyadh
1146,2025-11-27,2728000.0,2.08,cash,,Dammam,KHM0151,KHM-05151,duplex,4,4,265.0,5,garden,2,2650000.0,KHM,Khobar Marina,Al Khobar
1328,2025-11-27,1422000.0,2.88,bank_financing,Al Rajhi Bank,Riyadh,AQQ0204,AQQ-204,townhouse,4,3,260.0,,city,2,1414000.0,AQQ,Wadi Al Aqiq,Madinah
605,2025-12-01,2203000.0,2.8,bank_financing,Bank AlBilad,Dammam,RWB0030,RWB-030,villa,4,4,345.0,,park,2,1981000.0,RWB,Al Rawabi District,Dammam
1160,2025-12-01,2803000.0,2.43,bank_financing,Bank AlBilad,Dammam,KHM0217,KHM-17217,duplex,4,4,240.0,17,sea,2,2720000.0,KHM,Khobar Marina,Al Khobar
173,2025-12-02,2987000.0,3.0,bank_financing,Riyad Bank,Jeddah,NRJ0261,NRJ-261,villa,5,5,355.0,,street,2,2759000.0,NRJ,Narjis Oasis,Riyadh
176,2025-12-02,1772000.0,1.73,bank_financing,Banque Saudi Fransi,Riyadh,NRJ0104,NRJ-104,townhouse,3,2,230.0,,street,2,1616000.0,NRJ,Narjis Oasis,Riyadh
402,2025-12-02,2589000.0,0.18,cash,,Riyadh,CST0122,CST-20122,apartment,4,3,185.0,20,sea,2,2359000.0,CST,Coast Towers,Jeddah
1159,2025-12-02,3020000.0,2.03,cash,,Dammam,KHM0140,KHM-22140,duplex,4,4,270.0,22,garden,2,2918000.0,KHM,Khobar Marina,Al Khobar
407,2025-12-03,2280000.0,1.17,cash,,Jeddah,CST0044,CST-22044,apartment,4,3,180.0,22,garden,2,2098000.0,CST,Coast Towers,Jeddah
911,2025-12-03,1502000.0,2.03,bank_financing,Bank AlBilad,Riyadh,YSM0376,YSM-376,townhouse,4,3,225.0,,street,2,1423000.0,YSM,Yasmin Suburb,Riyadh
912,2025-12-03,1302000.0,1.64,cash,,Dammam,YSM0447,YSM-23447,apartment,4,3,190.0,23,street,2,1228000.0,YSM,Yasmin Suburb,Riyadh
1157,2025-12-03,1634000.0,0.73,bank_financing,Bank AlBilad,Dammam,KHM0260,KHM-15260,apartment,3,2,145.0,15,sea,1,1558000.0,KHM,Khobar Marina,Al Khobar
917,2025-12-04,1313000.0,1.99,bank_financing,Banque Saudi Fransi,Dammam,YSM0478,YSM-10478,apartment,4,3,200.0,10,street,2,1243000.0,YSM,Yasmin Suburb,Riyadh
1337,2025-12-04,1491000.0,1.35,bank_financing,Al Rajhi Bank,Madinah,AQQ0065,AQQ-065,townhouse,4,3,285.0,,street,2,1452000.0,AQQ,Wadi Al Aqiq,Madinah
1153,2025-12-05,2687000.0,1.08,bank_financing,Banque Saudi Fransi,Al Khobar,KHM0238,KHM-10238,duplex,4,4,270.0,10,street,2,2571000.0,KHM,Khobar Marina,Al Khobar
1158,2025-12-05,2936000.0,1.67,cash,,Al Khobar,KHM0290,KHM-18290,duplex,4,4,275.0,18,city,2,2827000.0,KHM,Khobar Marina,Al Khobar
905,2025-12-06,1714000.0,0.75,cash,,Riyadh,YSM0297,YSM-297,townhouse,3,2,235.0,,street,2,1603000.0,YSM,Yasmin Suburb,Riyadh
1156,2025-12-06,1926000.0,0.54,cash,,Al Khobar,KHM0273,KHM-03273,apartment,4,3,205.0,3,street,2,1833000.0,KHM,Khobar Marina,Al Khobar
1340,2025-12-07,1405000.0,3.66,bank_financing,Riyad Bank,Madinah,AQQ0133,AQQ-133,townhouse,4,3,265.0,,park,2,1401000.0,AQQ,Wadi Al Aqiq,Madinah
171,2025-12-08,4317000.0,1.59,bank_financing,Banque Saudi Fransi,Dammam,NRJ0319,NRJ-319,villa,6,6,500.0,,city,2,3931000.0,NRJ,Narjis Oasis,Riyadh
408,2025-12-09,2223000.0,1.72,cash,,Jeddah,CST0396,CST-23396,apartment,4,3,175.0,23,park,2,2057000.0,CST,Coast Towers,Jeddah
904,2025-12-09,1287000.0,4.82,bank_financing,Banque Saudi Fransi,Jeddah,YSM0239,YSM-18239,apartment,4,3,180.0,18,garden,2,1255000.0,YSM,Yasmin Suburb,Riyadh
1163,2025-12-09,1879000.0,0.55,cash,,Dammam,KHM0126,KHM-16126,apartment,4,3,195.0,16,city,2,1788000.0,KHM,Khobar Marina,Al Khobar
1334,2025-12-09,2015000.0,1.31,bank_financing,Banque Saudi Fransi,Madinah,AQQ0157,AQQ-157,villa,5,5,350.0,,park,2,1962000.0,AQQ,Wadi Al Aqiq,Madinah
1338,2025-12-09,2485000.0,2.12,bank_financing,Al Rajhi Bank,Madinah,AQQ0098,AQQ-098,villa,5,5,450.0,,street,2,2439000.0,AQQ,Wadi Al Aqiq,Madinah
177,2025-12-10,3460000.0,3.47,bank_financing,Banque Saudi Fransi,Riyadh,NRJ0237,NRJ-237,villa,5,5,430.0,,city,2,3212000.0,NRJ,Narjis Oasis,Riyadh
916,2025-12-10,1424000.0,2.85,bank_financing,Riyad Bank,Dammam,YSM0436,YSM-436,townhouse,3,2,220.0,,street,2,1360000.0,YSM,Yasmin Suburb,Riyadh
406,2025-12-11,1503000.0,2.74,cash,,Jeddah,CST0212,CST-13212,apartment,3,2,130.0,13,city,1,1406000.0,CST,Coast Towers,Jeddah
1339,2025-12-11,2643000.0,3.62,cash,,Madinah,AQQ0234,AQQ-234,villa,6,6,510.0,,street,2,2635000.0,AQQ,Wadi Al Aqiq,Madinah
903,2025-12-12,1619000.0,1.16,cash,,Jeddah,YSM0414,YSM-414,townhouse,4,3,225.0,,garden,2,1520000.0,YSM,Yasmin Suburb,Riyadh
606,2025-12-13,1939000.0,0.0,bank_financing,Riyad Bank,Dammam,RWB0231,RWB-16231,duplex,5,5,310.0,16,garden,2,1695000.0,RWB,Al Rawabi District,Dammam
1151,2025-12-13,2522000.0,1.73,bank_financing,Saudi National Bank,Dammam,KHM0248,KHM-06248,duplex,4,4,275.0,6,street,2,2429000.0,KHM,Khobar Marina,Al Khobar
1335,2025-12-13,1565000.0,1.19,bank_financing,Saudi National Bank,Madinah,AQQ0259,AQQ-259,townhouse,3,2,275.0,,park,2,1522000.0,AQQ,Wadi Al Aqiq,Madinah
1341,2025-12-14,1620000.0,1.23,bank_financing,Saudi National Bank,Madinah,AQQ0139,AQQ-139,townhouse,4,3,305.0,,garden,2,1576000.0,AQQ,Wadi Al Aqiq,Madinah
403,2025-12-15,2366000.0,3.3,cash,,Dammam,CST0049,CST-09049,apartment,4,3,190.0,9,sea,2,2225000.0,CST,Coast Towers,Jeddah
405,2025-12-15,4632000.0,1.29,bank_financing,Banque Saudi Fransi,Jeddah,CST0054,CST-24054,duplex,4,4,330.0,24,city,2,4268000.0,CST,Coast Towers,Jeddah
913,2025-12-15,1365000.0,2.86,bank_financing,Banque Saudi Fransi,Riyadh,YSM0486,YSM-19486,apartment,3,2,190.0,19,garden,2,1304000.0,YSM,Yasmin Suburb,Riyadh
915,2025-12-15,1645000.0,0.52,bank_financing,Bank AlBilad,Jeddah,YSM0333,YSM-333,townhouse,3,2,230.0,,garden,2,1534000.0,YSM,Yasmin Suburb,Riyadh
1161,2025-12-15,3202000.0,3.38,bank_financing,Saudi National Bank,Al Khobar,KHM0195,KHM-05195,duplex,4,4,330.0,5,garden,2,3137000.0,KHM,Khobar Marina,Al Khobar
172,2025-12-16,1827000.0,1.22,bank_financing,Al Rajhi Bank,Dammam,NRJ0033,NRJ-033,townhouse,3,2,245.0,,city,2,1657000.0,NRJ,Narjis Oasis,Riyadh
1336,2025-12-16,1576000.0,1.55,bank_financing,Banque Saudi Fransi,Madinah,AQQ0211,AQQ-211,townhouse,5,4,295.0,,garden,2,1538000.0,AQQ,Wadi Al Aqiq,Madinah
914,2025-12-17,1945000.0,3.14,bank_financing,Bank AlBilad,Riyadh,YSM0178,YSM-178,townhouse,4,3,280.0,,park,2,1863000.0,YSM,Yasmin Suburb,Riyadh
1342,2025-12-17,1850000.0,3.46,cash,,Dammam,AQQ0265,AQQ-265,villa,5,5,335.0,,garden,2,1841000.0,AQQ,Wadi Al Aqiq,Madinah
1162,2025-12-18,3350000.0,0.43,bank_financing,Al Rajhi Bank,Al Khobar,KHM0280,KHM-20280,duplex,4,4,290.0,20,park,2,3185000.0,KHM,Khobar Marina,Al Khobar
175,2025-12-19,2924000.0,0.67,bank_financing,Riyad Bank,Riyadh,NRJ0099,NRJ-099,villa,4,4,330.0,,city,2,2638000.0,NRJ,Narjis Oasis,Riyadh
901,2025-12-19,1461000.0,3.63,bank_financing,Al Rajhi Bank,Riyadh,YSM0512,YSM-512,townhouse,3,2,220.0,,garden,2,1407000.0,YSM,Yasmin Suburb,Riyadh
902,2025-12-19,1234000.0,1.27,cash,,Dammam,YSM0047,YSM-13047,apartment,3,2,155.0,13,park,2,1160000.0,YSM,Yasmin Suburb,Riyadh
1152,2025-12-19,1142000.0,2.02,bank_financing,Saudi National Bank,Al Khobar,KHM0065,KHM-01065,apartment,3,2,125.0,1,park,1,1103000.0,KHM,Khobar Marina,Al Khobar
1344,2025-12-19,1182000.0,4.28,cash,,Madinah,AQQ0048,AQQ-048,townhouse,5,4,255.0,,street,2,1187000.0,AQQ,Wadi Al Aqiq,Madinah
907,2025-12-20,1473000.0,2.49,bank_financing,Bank AlBilad,Riyadh,YSM0072,YSM-072,townhouse,4,3,230.0,,city,2,1402000.0,YSM,Yasmin Suburb,Riyadh
174,2025-12-21,4145000.0,0.0,bank_financing,Al Rajhi Bank,Riyadh,NRJ0243,NRJ-243,villa,6,6,490.0,,park,2,3714000.0,NRJ,Narjis Oasis,Riyadh
404,2025-12-21,1642000.0,3.69,cash,,Dammam,CST0140,CST-18140,apartment,2,1,135.0,18,city,1,1551000.0,CST,Coast Towers,Jeddah
607,2025-12-21,2570000.0,2.38,cash,,Dammam,RWB0069,RWB-069,villa,5,5,425.0,,garden,2,2301000.0,RWB,Al Rawabi District,Dammam
909,2025-12-22,2193000.0,1.53,bank_financing,Banque Saudi Fransi,Riyadh,YSM0108,YSM-108,townhouse,4,3,300.0,,garden,2,2067000.0,YSM,Yasmin Suburb,Riyadh
906,2025-12-24,1486000.0,3.98,bank_financing,Bank AlBilad,Dammam,YSM0266,YSM-266,townhouse,3,2,230.0,,street,2,1436000.0,YSM,Yasmin Suburb,Riyadh
910,2025-12-24,2037000.0,3.72,bank_financing,Riyad Bank,Riyadh,YSM0150,YSM-150,townhouse,5,4,290.0,,city,2,1963000.0,YSM,Yasmin Suburb,Riyadh
401,2025-12-25,3356000.0,0.01,bank_financing,Saudi National Bank,Jeddah,CST0020,CST-05020,duplex,4,4,270.0,5,city,2,3053000.0,CST,Coast Towers,Jeddah
604,2025-12-25,2693000.0,1.4,bank_financing,Al Rajhi Bank,Dammam,RWB0051,RWB-051,villa,5,5,450.0,,street,2,2387000.0,RWB,Al Rawabi District,Dammam
1155,2025-12-25,3171000.0,1.49,bank_financing,Saudi National Bank,Dammam,KHM0038,KHM-15038,duplex,4,4,265.0,15,park,2,3047000.0,KHM,Khobar Marina,Al Khobar
908,2025-12-26,1624000.0,3.1,bank_financing,Riyad Bank,Riyadh,YSM0387,YSM-387,townhouse,3,2,225.0,,garden,2,1555000.0,YSM,Yasmin Suburb,Riyadh
1154,2025-12-27,2018000.0,0.0,cash,,Al Khobar,KHM0050,KHM-16050,apartment,4,3,205.0,16,garden,2,1910000.0,KHM,Khobar Marina,Al Khobar
1343,2025-12-27,2450000.0,2.52,cash,,Jeddah,AQQ0042,AQQ-042,villa,5,5,405.0,,garden,2,2415000.0,AQQ,Wadi Al Aqiq,Madinah
1171,2026-01-01,1114000.0,0.83,bank_financing,Al Rajhi Bank,Al Khobar,KHM0125,KHM-16125,apartment,2,1,110.0,16,garden,1,1058000.0,KHM,Khobar Marina,Al Khobar
609,2026-01-02,2409000.0,3.42,bank_financing,Saudi National Bank,Dammam,RWB0247,RWB-247,villa,5,5,395.0,,city,2,2169000.0,RWB,Al Rawabi District,Dammam
925,2026-01-02,728000.0,0.0,bank_financing,Bank AlBilad,Jeddah,YSM0169,YSM-07169,apartment,2,1,105.0,7,city,1,672000.0,YSM,Yasmin Suburb,Riyadh
180,2026-01-03,3896000.0,4.36,bank_financing,Al Rajhi Bank,Jeddah,NRJ0108,NRJ-108,villa,5,5,460.0,,city,2,3632000.0,NRJ,Narjis Oasis,Riyadh
928,2026-01-04,1764000.0,3.64,bank_financing,Al Rajhi Bank,Riyadh,YSM0430,YSM-430,townhouse,3,2,250.0,,garden,2,1690000.0,YSM,Yasmin Suburb,Riyadh
1346,2026-01-04,2543000.0,3.72,bank_financing,Al Rajhi Bank,Jeddah,AQQ0186,AQQ-186,villa,5,5,445.0,,garden,2,2525000.0,AQQ,Wadi Al Aqiq,Madinah
1352,2026-01-04,1969000.0,0.0,bank_financing,Banque Saudi Fransi,Madinah,AQQ0217,AQQ-217,villa,4,4,320.0,,garden,2,1883000.0,AQQ,Wadi Al Aqiq,Madinah
415,2026-01-05,4456000.0,0.98,cash,,Dammam,CST0067,CST-05067,duplex,4,4,320.0,5,sea,2,4073000.0,CST,Coast Towers,Jeddah
918,2026-01-06,1230000.0,4.63,bank_financing,Saudi National Bank,Riyadh,YSM0312,YSM-07312,apartment,4,3,185.0,7,city,2,1191000.0,YSM,Yasmin Suburb,Riyadh
1165,2026-01-06,1151000.0,2.78,bank_financing,Saudi National Bank,Al Khobar,KHM0241,KHM-21241,apartment,2,1,125.0,21,street,1,1115000.0,KHM,Khobar Marina,Al Khobar
610,2026-01-08,3219000.0,2.98,bank_financing,Banque Saudi Fransi,Dammam,RWB0085,RWB-085,villa,6,6,465.0,,park,2,2885000.0,RWB,Al Rawabi District,Dammam
410,2026-01-09,4784000.0,2.48,cash,,Jeddah,CST0194,CST-08194,duplex,5,5,350.0,8,park,2,4440000.0,CST,Coast Towers,Jeddah
414,2026-01-09,1671000.0,2.7,bank_financing,Bank AlBilad,Jeddah,CST0254,CST-04254,apartment,3,2,160.0,4,city,2,1554000.0,CST,Coast Towers,Jeddah
921,2026-01-10,1727000.0,3.56,bank_financing,Banque Saudi Fransi,Jeddah,YSM0117,YSM-117,townhouse,4,3,255.0,,street,2,1653000.0,YSM,Yasmin Suburb,Riyadh
413,2026-01-11,4317000.0,0.11,bank_financing,Bank AlBilad,Jeddah,CST0334,CST-01334,duplex,5,5,340.0,1,park,2,3911000.0,CST,Coast Towers,Jeddah
927,2026-01-11,796000.0,4.78,bank_financing,Saudi National Bank,Jeddah,YSM0057,YSM-06057,apartment,2,1,120.0,6,city,1,772000.0,YSM,Yasmin Suburb,Riyadh
1351,2026-01-11,1608000.0,1.8,bank_financing,Al Rajhi Bank,Madinah,AQQ0021,AQQ-021,townhouse,5,4,310.0,,garden,2,1566000.0,AQQ,Wadi Al Aqiq,Madinah
926,2026-01-12,1333000.0,2.99,bank_financing,Riyad Bank,Dammam,YSM0082,YSM-13082,apartment,4,3,190.0,13,park,2,1269000.0,YSM,Yasmin Suburb,Riyadh
1345,2026-01-12,2510000.0,2.94,bank_financing,Saudi National Bank,Madinah,AQQ0151,AQQ-151,villa,5,5,450.0,,city,2,2473000.0,AQQ,Wadi Al Aqiq,Madinah
1353,2026-01-12,1519000.0,0.96,cash,,Madinah,AQQ0255,AQQ-255,townhouse,4,3,290.0,,garden,2,1466000.0,AQQ,Wadi Al Aqiq,Madinah
608,2026-01-13,2668000.0,0.29,bank_financing,Al Rajhi Bank,Dammam,RWB0225,RWB-225,villa,4,4,430.0,,park,2,2327000.0,RWB,Al Rawabi District,Dammam
1354,2026-01-13,1411000.0,0.44,bank_financing,Riyad Bank,Jeddah,AQQ0136,AQQ-136,townhouse,4,3,275.0,,garden,2,1355000.0,AQQ,Wadi Al Aqiq,Madinah
924,2026-01-14,1663000.0,0.31,bank_financing,Saudi National Bank,Riyadh,YSM0426,YSM-426,townhouse,3,2,225.0,,garden,2,1540000.0,YSM,Yasmin Suburb,Riyadh
1347,2026-01-14,2420000.0,2.39,bank_financing,Riyad Bank,Jeddah,AQQ0269,AQQ-269,villa,6,6,425.0,,street,2,2370000.0,AQQ,Wadi Al Aqiq,Madinah
919,2026-01-15,1879000.0,0.0,bank_financing,Riyad Bank,Dammam,YSM0174,YSM-174,townhouse,3,2,275.0,,street,2,1735000.0,YSM,Yasmin Suburb,Riyadh
1164,2026-01-15,3651000.0,1.27,cash,,Al Khobar,KHM0182,KHM-19182,duplex,5,5,325.0,19,city,2,3483000.0,KHM,Khobar Marina,Al Khobar
1348,2026-01-15,1516000.0,5.03,bank_financing,Banque Saudi Fransi,Madinah,AQQ0155,AQQ-155,townhouse,5,4,290.0,,park,2,1526000.0,AQQ,Wadi Al Aqiq,Madinah
923,2026-01-17,1427000.0,3.46,bank_financing,Banque Saudi Fransi,Riyadh,YSM0104,YSM-14104,apartment,4,3,200.0,14,park,2,1365000.0,YSM,Yasmin Suburb,Riyadh
929,2026-01-17,771000.0,2.61,bank_financing,Banque Saudi Fransi,Riyadh,YSM0113,YSM-10113,apartment,3,2,115.0,10,street,1,731000.0,YSM,Yasmin Suburb,Riyadh
1167,2026-01-17,976000.0,3.22,cash,,Dammam,KHM0001,KHM-02001,apartment,3,2,105.0,2,park,1,950000.0,KHM,Khobar Marina,Al Khobar
1169,2026-01-17,2948000.0,2.05,bank_financing,Bank AlBilad,Riyadh,KHM0121,KHM-14121,duplex,5,5,270.0,14,garden,2,2835000.0,KHM,Khobar Marina,Al Khobar
411,2026-01-19,1612000.0,2.43,bank_financing,Riyad Bank,Dammam,CST0197,CST-04197,apartment,3,2,125.0,4,sea,1,1495000.0,CST,Coast Towers,Jeddah
1166,2026-01-20,2911000.0,2.51,cash,,Al Khobar,KHM0148,KHM-17148,duplex,4,4,280.0,17,city,2,2813000.0,KHM,Khobar Marina,Al Khobar
1170,2026-01-20,1004000.0,2.6,bank_financing,Riyad Bank,Al Khobar,KHM0224,KHM-16224,apartment,2,1,115.0,16,street,1,971000.0,KHM,Khobar Marina,Al Khobar
178,2026-01-22,3729000.0,0.7,bank_financing,Al Rajhi Bank,Riyadh,NRJ0296,NRJ-296,villa,6,6,480.0,,city,2,3348000.0,NRJ,Narjis Oasis,Riyadh
1172,2026-01-22,1376000.0,0.0,bank_financing,Bank AlBilad,Jeddah,KHM0144,KHM-21144,apartment,3,2,130.0,21,park,1,1296000.0,KHM,Khobar Marina,Al Khobar
1355,2026-01-22,1609000.0,2.76,bank_financing,Banque Saudi Fransi,Dammam,AQQ0206,AQQ-206,townhouse,5,4,305.0,,park,2,1582000.0,AQQ,Wadi Al Aqiq,Madinah
1357,2026-01-22,2781000.0,3.22,bank_financing,Riyad Bank,Madinah,AQQ0138,AQQ-138,villa,6,6,470.0,,garden,2,2748000.0,AQQ,Wadi Al Aqiq,Madinah
179,2026-01-23,2359000.0,0.0,bank_financing,Riyad Bank,Riyadh,NRJ0101,NRJ-101,townhouse,4,3,285.0,,garden,2,2103000.0,NRJ,Narjis Oasis,Riyadh
922,2026-01-23,1630000.0,0.35,bank_financing,Al Rajhi Bank,Riyadh,YSM0081,YSM-081,townhouse,3,2,220.0,,park,2,1510000.0,YSM,Yasmin Suburb,Riyadh
1168,2026-01-23,2139000.0,1.5,cash,,Dammam,KHM0291,KHM-21291,apartment,4,3,205.0,21,sea,2,2045000.0,KHM,Khobar Marina,Al Khobar
1356,2026-01-23,2712000.0,1.28,bank_financing,Riyad Bank,Jeddah,AQQ0077,AQQ-077,villa,6,6,480.0,,city,2,2626000.0,AQQ,Wadi Al Aqiq,Madinah
409,2026-01-24,1675000.0,2.26,bank_financing,Riyad Bank,Dammam,CST0323,CST-14323,apartment,3,2,145.0,14,garden,1,1551000.0,CST,Coast Towers,Jeddah
181,2026-01-25,2168000.0,4.04,bank_financing,Bank AlBilad,Riyadh,NRJ0005,NRJ-005,townhouse,4,3,285.0,,street,2,2014000.0,NRJ,Narjis Oasis,Riyadh
412,2026-01-25,1326000.0,2.95,cash,,Jeddah,CST0326,CST-10326,apartment,3,2,115.0,10,park,1,1237000.0,CST,Coast Towers,Jeddah
1349,2026-01-26,2634000.0,2.18,bank_financing,Saudi National Bank,Madinah,AQQ0197,AQQ-197,villa,5,5,465.0,,street,2,2574000.0,AQQ,Wadi Al Aqiq,Madinah
1350,2026-01-26,1654000.0,1.44,cash,,Jeddah,AQQ0278,AQQ-278,townhouse,4,3,290.0,,park,2,1605000.0,AQQ,Wadi Al Aqiq,Madinah
1358,2026-01-26,2370000.0,1.54,bank_financing,Al Rajhi Bank,Dammam,AQQ0008,AQQ-008,villa,4,4,425.0,,garden,2,2301000.0,AQQ,Wadi Al Aqiq,Madinah
920,2026-01-27,1265000.0,3.12,cash,,Jeddah,YSM0344,YSM-20344,apartment,4,3,175.0,20,park,2,1206000.0,YSM,Yasmin Suburb,Riyadh
1173,2026-02-01,2106000.0,0.0,bank_financing,Banque Saudi Fransi,Al Khobar,KHM0158,KHM-10158,apartment,3,2,205.0,10,garden,2,1974000.0,KHM,Khobar Marina,Al Khobar
419,2026-02-03,3996000.0,2.6,cash,,Dammam,CST0157,CST-16157,duplex,4,4,290.0,16,city,2,3695000.0,CST,Coast Towers,Jeddah
1179,2026-02-03,3480000.0,3.63,bank_financing,Bank AlBilad,Jeddah,KHM0186,KHM-05186,duplex,5,5,335.0,5,garden,2,3384000.0,KHM,Khobar Marina,Al Khobar
1184,2026-02-03,1141000.0,0.45,bank_financing,Banque Saudi Fransi,Riyadh,KHM0056,KHM-12056,apartment,2,1,115.0,12,city,1,1074000.0,KHM,Khobar Marina,Al Khobar
184,2026-02-04,2374000.0,3.7,bank_financing,Bank AlBilad,Dammam,NRJ0177,NRJ-177,townhouse,5,4,310.0,,garden,2,2187000.0,NRJ,Narjis Oasis,Riyadh
1178,2026-02-04,1785000.0,5.65,bank_financing,Riyad Bank,Dammam,KHM0106,KHM-20106,apartment,3,2,175.0,20,sea,2,1773000.0,KHM,Khobar Marina,Al Khobar
422,2026-02-05,3567000.0,0.0,bank_financing,Bank AlBilad,Jeddah,CST0086,CST-09086,duplex,4,4,280.0,9,city,2,3212000.0,CST,Coast Towers,Jeddah
1176,2026-02-06,3634000.0,2.38,cash,,Al Khobar,KHM0015,KHM-22015,duplex,5,5,320.0,22,park,2,3489000.0,KHM,Khobar Marina,Al Khobar
416,2026-02-07,2183000.0,1.84,cash,,Jeddah,CST0245,CST-11245,apartment,3,2,190.0,11,city,2,2003000.0,CST,Coast Towers,Jeddah
423,2026-02-07,1219000.0,2.55,bank_financing,Banque Saudi Fransi,Riyadh,CST0407,CST-02407,apartment,3,2,100.0,2,garden,1,1126000.0,CST,Coast Towers,Jeddah
935,2026-02-08,2061000.0,0.0,cash,,Jeddah,YSM0438,YSM-438,townhouse,4,3,270.0,,garden,2,1893000.0,YSM,Yasmin Suburb,Riyadh
940,2026-02-08,2280000.0,2.39,bank_financing,Riyad Bank,Dammam,YSM0059,YSM-059,townhouse,3,2,315.0,,street,2,2146000.0,YSM,Yasmin Suburb,Riyadh
1364,2026-02-08,1876000.0,2.74,bank_financing,Al Rajhi Bank,Riyadh,AQQ0196,AQQ-196,villa,4,4,355.0,,garden,2,1835000.0,AQQ,Wadi Al Aqiq,Madinah
932,2026-02-09,2005000.0,1.66,bank_financing,Saudi National Bank,Riyadh,YSM0211,YSM-211,townhouse,5,4,275.0,,street,2,1873000.0,YSM,Yasmin Suburb,Riyadh
934,2026-02-09,1187000.0,3.74,cash,,Riyadh,YSM0011,YSM-21011,apartment,4,3,165.0,21,city,2,1133000.0,YSM,Yasmin Suburb,Riyadh
1180,2026-02-09,3257000.0,3.18,bank_financing,Saudi National Bank,Al Khobar,KHM0210,KHM-13210,duplex,4,4,305.0,13,sea,2,3153000.0,KHM,Khobar Marina,Al Khobar
1182,2026-02-09,998000.0,1.04,cash,,Al Khobar,KHM0042,KHM-01042,apartment,2,1,115.0,1,garden,1,945000.0,KHM,Khobar Marina,Al Khobar
182,2026-02-10,1628000.0,2.92,cash,,Jeddah,NRJ0202,NRJ-202,townhouse,3,2,225.0,,street,2,1488000.0,NRJ,Narjis Oasis,Riyadh
183,2026-02-10,4239000.0,4.32,bank_financing,Riyad Bank,Jeddah,NRJ0049,NRJ-049,villa,6,6,505.0,,street,2,3931000.0,NRJ,Narjis Oasis,Riyadh
186,2026-02-10,3782000.0,0.47,bank_financing,Bank AlBilad,Jeddah,NRJ0062,NRJ-062,villa,5,5,420.0,,park,2,3371000.0,NRJ,Narjis Oasis,Riyadh
424,2026-02-10,2106000.0,3.04,cash,,Dammam,CST0036,CST-20036,apartment,4,3,175.0,20,garden,2,1956000.0,CST,Coast Towers,Jeddah
930,2026-02-10,1906000.0,2.12,bank_financing,Saudi National Bank,Jeddah,YSM0190,YSM-190,townhouse,4,3,260.0,,city,2,1789000.0,YSM,Yasmin Suburb,Riyadh
185,2026-02-11,1718000.0,4.73,bank_financing,Riyad Bank,Riyadh,NRJ0096,NRJ-096,townhouse,3,2,230.0,,city,2,1600000.0,NRJ,Narjis Oasis,Riyadh
1363,2026-02-11,1478000.0,3.85,bank_financing,Banque Saudi Fransi,Madinah,AQQ0222,AQQ-222,townhouse,4,3,290.0,,city,2,1462000.0,AQQ,Wadi Al Aqiq,Madinah
1359,2026-02-12,1357000.0,0.43,bank_financing,Riyad Bank,Riyadh,AQQ0230,AQQ-230,townhouse,3,2,255.0,,city,2,1297000.0,AQQ,Wadi Al Aqiq,Madinah
1361,2026-02-13,2400000.0,2.4,bank_financing,Riyad Bank,Madinah,AQQ0025,AQQ-025,villa,6,6,405.0,,garden,2,2339000.0,AQQ,Wadi Al Aqiq,Madinah
942,2026-02-14,970000.0,0.45,bank_financing,Saudi National Bank,Riyadh,YSM0080,YSM-17080,apartment,2,1,135.0,17,city,1,895000.0,YSM,Yasmin Suburb,Riyadh
1174,2026-02-14,1245000.0,0.38,cash,,Al Khobar,KHM0308,KHM-16308,apartment,2,1,125.0,16,garden,1,1171000.0,KHM,Khobar Marina,Al Khobar
1367,2026-02-14,1769000.0,2.31,cash,,Jeddah,AQQ0108,AQQ-108,townhouse,4,3,310.0,,park,2,1723000.0,AQQ,Wadi Al Aqiq,Madinah
1360,2026-02-16,2327000.0,1.36,bank_financing,Riyad Bank,Dammam,AQQ0202,AQQ-202,villa,5,5,380.0,,city,2,2244000.0,AQQ,Wadi Al Aqiq,Madinah
421,2026-02-17,2382000.0,4.28,cash,,Jeddah,CST0056,CST-19056,apartment,4,3,200.0,19,city,2,2241000.0,CST,Coast Towers,Jeddah
933,2026-02-17,1300000.0,0.99,bank_financing,Al Rajhi Bank,Riyadh,YSM0220,YSM-02220,apartment,3,2,175.0,2,park,2,1206000.0,YSM,Yasmin Suburb,Riyadh
936,2026-02-17,1014000.0,4.9,bank_financing,Banque Saudi Fransi,Riyadh,YSM0406,YSM-18406,apartment,3,2,160.0,18,street,2,980000.0,YSM,Yasmin Suburb,Riyadh
417,2026-02-21,2187000.0,2.71,bank_financing,Saudi National Bank,Jeddah,CST0023,CST-18023,apartment,3,2,155.0,18,sea,2,2024000.0,CST,Coast Towers,Jeddah
418,2026-02-21,2659000.0,0.0,bank_financing,Riyad Bank,Jeddah,CST0184,CST-11184,apartment,4,3,210.0,11,sea,2,2395000.0,CST,Coast Towers,Jeddah
937,2026-02-21,1775000.0,0.42,cash,,Jeddah,YSM0042,YSM-042,townhouse,3,2,245.0,,street,2,1638000.0,YSM,Yasmin Suburb,Riyadh
939,2026-02-21,895000.0,2.78,cash,,Jeddah,YSM0037,YSM-20037,apartment,3,2,125.0,20,city,1,846000.0,YSM,Yasmin Suburb,Riyadh
187,2026-02-22,2246000.0,0.53,bank_financing,Bank AlBilad,Riyadh,NRJ0117,NRJ-117,townhouse,4,3,290.0,,city,2,2003000.0,NRJ,Narjis Oasis,Riyadh
612,2026-02-22,2833000.0,4.63,bank_financing,Banque Saudi Fransi,Jeddah,RWB0117,RWB-117,villa,6,6,460.0,,city,2,2571000.0,RWB,Al Rawabi District,Dammam
1175,2026-02-22,1694000.0,0.0,bank_financing,Al Rajhi Bank,Riyadh,KHM0019,KHM-22019,apartment,3,2,175.0,22,street,2,1588000.0,KHM,Khobar Marina,Al Khobar
1181,2026-02-22,2965000.0,2.81,cash,,Al Khobar,KHM0220,KHM-19220,duplex,4,4,275.0,19,park,2,2859000.0,KHM,Khobar Marina,Al Khobar
420,2026-02-23,1601000.0,3.01,bank_financing,Riyad Bank,Dammam,CST0284,CST-24284,apartment,3,2,125.0,24,sea,1,1487000.0,CST,Coast Towers,Jeddah
938,2026-02-24,1949000.0,0.0,bank_financing,Al Rajhi Bank,Riyadh,YSM0331,YSM-331,townhouse,4,3,265.0,,city,2,1791000.0,YSM,Yasmin Suburb,Riyadh
941,2026-02-24,2184000.0,2.27,cash,,Dammam,YSM0343,YSM-343,townhouse,5,4,295.0,,city,2,2053000.0,YSM,Yasmin Suburb,Riyadh
1362,2026-02-24,2349000.0,1.72,bank_financing,Riyad Bank,Madinah,AQQ0253,AQQ-253,villa,5,5,385.0,,park,2,2274000.0,AQQ,Wadi Al Aqiq,Madinah
611,2026-02-25,3214000.0,0.0,bank_financing,Bank AlBilad,Dammam,RWB0088,RWB-088,villa,5,5,465.0,,city,2,2781000.0,RWB,Al Rawabi District,Dammam
1365,2026-02-25,1223000.0,3.55,cash,,Jeddah,AQQ0076,AQQ-076,townhouse,4,3,240.0,,park,2,1206000.0,AQQ,Wadi Al Aqiq,Madinah
613,2026-02-26,2019000.0,0.64,bank_financing,Banque Saudi Fransi,Riyadh,RWB0143,RWB-22143,duplex,4,4,325.0,22,city,2,1758000.0,RWB,Al Rawabi District,Dammam
931,2026-02-26,1256000.0,3.86,bank_financing,Saudi National Bank,Riyadh,YSM0185,YSM-17185,apartment,3,2,185.0,17,city,2,1200000.0,YSM,Yasmin Suburb,Riyadh
1177,2026-02-27,3685000.0,3.31,bank_financing,Al Rajhi Bank,Al Khobar,KHM0149,KHM-07149,duplex,5,5,350.0,7,park,2,3572000.0,KHM,Khobar Marina,Al Khobar
1183,2026-02-27,1338000.0,1.69,cash,,Al Khobar,KHM0011,KHM-02011,apartment,2,1,145.0,2,park,1,1276000.0,KHM,Khobar Marina,Al Khobar
1366,2026-02-27,1947000.0,2.78,bank_financing,Al Rajhi Bank,Madinah,AQQ0052,AQQ-052,villa,4,4,325.0,,park,2,1905000.0,AQQ,Wadi Al Aqiq,Madinah
188,2026-03-02,2315000.0,1.81,cash,,Riyadh,NRJ0076,NRJ-076,townhouse,5,4,300.0,,park,2,2081000.0,NRJ,Narjis Oasis,Riyadh
426,2026-03-03,4162000.0,2.07,cash,,Jeddah,CST0249,CST-21249,duplex,5,5,275.0,21,sea,2,3808000.0,CST,Coast Towers,Jeddah
947,2026-03-04,1256000.0,2.22,bank_financing,Al Rajhi Bank,Riyadh,YSM0335,YSM-17335,apartment,3,2,175.0,17,garden,2,1174000.0,YSM,Yasmin Suburb,Riyadh
1191,2026-03-04,2562000.0,3.59,bank_financing,Al Rajhi Bank,Dammam,KHM0189,KHM-02189,duplex,5,5,250.0,2,park,2,2478000.0,KHM,Khobar Marina,Al Khobar
616,2026-03-05,1837000.0,0.04,bank_financing,Saudi National Bank,Jeddah,RWB0218,RWB-06218,duplex,4,4,300.0,6,street,2,1582000.0,RWB,Al Rawabi District,Dammam
615,2026-03-06,2953000.0,3.96,cash,,Riyadh,RWB0036,RWB-036,villa,6,6,495.0,,street,2,2647000.0,RWB,Al Rawabi District,Dammam
949,2026-03-07,1172000.0,0.0,cash,,Riyadh,YSM0272,YSM-03272,apartment,3,2,175.0,3,garden,2,1071000.0,YSM,Yasmin Suburb,Riyadh
951,2026-03-07,1141000.0,2.97,bank_financing,Al Rajhi Bank,Riyadh,YSM0385,YSM-05385,apartment,3,2,180.0,5,city,2,1075000.0,YSM,Yasmin Suburb,Riyadh
953,2026-03-07,1097000.0,2.33,bank_financing,Saudi National Bank,Riyadh,YSM0298,YSM-23298,apartment,3,2,150.0,23,park,2,1027000.0,YSM,Yasmin Suburb,Riyadh
955,2026-03-09,1314000.0,0.0,bank_financing,Banque Saudi Fransi,Dammam,YSM0071,YSM-09071,apartment,3,2,175.0,9,garden,2,1201000.0,YSM,Yasmin Suburb,Riyadh
1190,2026-03-09,920000.0,0.0,bank_financing,Saudi National Bank,Riyadh,KHM0301,KHM-04301,apartment,3,2,100.0,4,street,1,858000.0,KHM,Khobar Marina,Al Khobar
1192,2026-03-09,1002000.0,6.3,bank_financing,Banque Saudi Fransi,Riyadh,KHM0233,KHM-01233,apartment,2,1,110.0,1,garden,1,997000.0,KHM,Khobar Marina,Al Khobar
1368,2026-03-09,2751000.0,0.06,cash,,Jeddah,AQQ0001,AQQ-001,villa,6,6,495.0,,street,2,2606000.0,AQQ,Wadi Al Aqiq,Madinah
1375,2026-03-09,2043000.0,3.04,cash,,Dammam,AQQ0081,AQQ-081,villa,5,5,325.0,,park,2,1995000.0,AQQ,Wadi Al Aqiq,Madinah
428,2026-03-10,1792000.0,0.0,cash,,Jeddah,CST0053,CST-07053,apartment,3,2,130.0,7,sea,1,1606000.0,CST,Coast Towers,Jeddah
946,2026-03-10,1329000.0,1.8,cash,,Riyadh,YSM0495,YSM-17495,apartment,4,3,200.0,17,street,2,1237000.0,YSM,Yasmin Suburb,Riyadh
1186,2026-03-10,1101000.0,0.32,cash,,Jeddah,KHM0209,KHM-20209,apartment,2,1,115.0,20,city,1,1030000.0,KHM,Khobar Marina,Al Khobar
1189,2026-03-10,2560000.0,2.41,cash,,Al Khobar,KHM0111,KHM-08111,duplex,4,4,250.0,8,park,2,2446000.0,KHM,Khobar Marina,Al Khobar
944,2026-03-11,2381000.0,1.55,bank_financing,Banque Saudi Fransi,Riyadh,YSM0229,YSM-229,townhouse,5,4,315.0,,park,2,2211000.0,YSM,Yasmin Suburb,Riyadh
948,2026-03-11,1215000.0,1.93,bank_financing,Al Rajhi Bank,Riyadh,YSM0443,YSM-14443,apartment,3,2,170.0,14,park,2,1133000.0,YSM,Yasmin Suburb,Riyadh
617,2026-03-12,2635000.0,0.0,cash,,Dammam,RWB0084,RWB-084,villa,5,5,430.0,,park,2,2269000.0,RWB,Al Rawabi District,Dammam
943,2026-03-13,836000.0,5.1,bank_financing,Saudi National Bank,Riyadh,YSM0363,YSM-15363,apartment,2,1,120.0,15,park,1,805000.0,YSM,Yasmin Suburb,Riyadh
190,2026-03-14,2951000.0,1.44,bank_financing,Banque Saudi Fransi,Dammam,NRJ0321,NRJ-321,villa,5,5,340.0,,street,2,2643000.0,NRJ,Narjis Oasis,Riyadh
191,2026-03-14,2311000.0,1.2,bank_financing,Bank AlBilad,Riyadh,NRJ0298,NRJ-298,townhouse,4,3,300.0,,street,2,2065000.0,NRJ,Narjis Oasis,Riyadh
945,2026-03-15,1290000.0,1.65,cash,,Riyadh,YSM0307,YSM-11307,apartment,4,3,175.0,11,street,2,1199000.0,YSM,Yasmin Suburb,Riyadh
1185,2026-03-15,4348000.0,0.0,cash,,Dammam,KHM0040,KHM-15040,duplex,5,5,360.0,15,park,2,4055000.0,KHM,Khobar Marina,Al Khobar
1372,2026-03-16,1229000.0,3.67,bank_financing,Riyad Bank,Madinah,AQQ0096,AQQ-096,townhouse,4,3,240.0,,city,2,1208000.0,AQQ,Wadi Al Aqiq,Madinah
954,2026-03-17,1269000.0,0.35,bank_financing,Riyad Bank,Riyadh,YSM0172,YSM-07172,apartment,4,3,180.0,7,city,2,1164000.0,YSM,Yasmin Suburb,Riyadh
1373,2026-03-17,1280000.0,0.21,bank_financing,Bank AlBilad,Madinah,AQQ0116,AQQ-116,townhouse,3,2,255.0,,street,2,1214000.0,AQQ,Wadi Al Aqiq,Madinah
1194,2026-03-18,2950000.0,2.99,cash,,Jeddah,KHM0211,KHM-14211,duplex,4,4,285.0,14,city,2,2836000.0,KHM,Khobar Marina,Al Khobar
1188,2026-03-20,3301000.0,1.83,bank_financing,Bank AlBilad,Riyadh,KHM0031,KHM-09031,duplex,5,5,340.0,9,city,2,3136000.0,KHM,Khobar Marina,Al Khobar
1369,2026-03-20,2454000.0,1.59,cash,,Riyadh,AQQ0266,AQQ-266,villa,5,5,440.0,,city,2,2361000.0,AQQ,Wadi Al Aqiq,Madinah
1193,2026-03-21,1644000.0,2.42,bank_financing,Banque Saudi Fransi,Al Khobar,KHM0188,KHM-09188,apartment,4,3,185.0,9,city,2,1571000.0,KHM,Khobar Marina,Al Khobar
1370,2026-03-21,2584000.0,0.0,bank_financing,Al Rajhi Bank,Madinah,AQQ0262,AQQ-262,villa,5,5,445.0,,park,2,2446000.0,AQQ,Wadi Al Aqiq,Madinah
427,2026-03-22,3900000.0,3.17,cash,,Jeddah,CST0362,CST-16362,duplex,5,5,260.0,16,sea,2,3609000.0,CST,Coast Towers,Jeddah
614,2026-03-22,2617000.0,0.95,cash,,Dammam,RWB0219,RWB-219,villa,4,4,380.0,,garden,2,2275000.0,RWB,Al Rawabi District,Dammam
1195,2026-03-22,3567000.0,1.23,bank_financing,Bank AlBilad,Jeddah,KHM0269,KHM-15269,duplex,5,5,340.0,15,street,2,3368000.0,KHM,Khobar Marina,Al Khobar
1187,2026-03-23,1749000.0,4.05,bank_financing,Riyad Bank,Jeddah,KHM0206,KHM-10206,apartment,4,3,190.0,10,city,2,1700000.0,KHM,Khobar Marina,Al Khobar
193,2026-03-24,3964000.0,1.09,bank_financing,Riyad Bank,Riyadh,NRJ0015,NRJ-015,villa,6,6,445.0,,city,2,3538000.0,NRJ,Narjis Oasis,Riyadh
950,2026-03-24,850000.0,4.82,cash,,Jeddah,YSM0498,YSM-20498,apartment,2,1,125.0,20,city,1,816000.0,YSM,Yasmin Suburb,Riyadh
956,2026-03-25,736000.0,1.45,bank_financing,Banque Saudi Fransi,Riyadh,YSM0327,YSM-24327,apartment,2,1,100.0,24,city,1,683000.0,YSM,Yasmin Suburb,Riyadh
1374,2026-03-25,2957000.0,2.33,cash,,Madinah,AQQ0125,AQQ-125,villa,5,5,500.0,,garden,2,2866000.0,AQQ,Wadi Al Aqiq,Madinah
192,2026-03-26,2953000.0,0.76,bank_financing,Banque Saudi Fransi,Riyadh,NRJ0029,NRJ-029,villa,5,5,350.0,,city,2,2627000.0,NRJ,Narjis Oasis,Riyadh
1371,2026-03-26,1632000.0,2.39,bank_financing,Riyad Bank,Madinah,AQQ0101,AQQ-101,townhouse,5,4,315.0,,park,2,1583000.0,AQQ,Wadi Al Aqiq,Madinah
189,2026-03-27,1747000.0,3.11,cash,,Jeddah,NRJ0269,NRJ-269,townhouse,3,2,220.0,,park,2,1592000.0,NRJ,Narjis Oasis,Riyadh
425,2026-03-27,2506000.0,0.0,cash,,Jeddah,CST0109,CST-14109,apartment,4,3,185.0,14,sea,2,2246000.0,CST,Coast Towers,Jeddah
952,2026-03-27,857000.0,0.8,bank_financing,Saudi National Bank,Jeddah,YSM0025,YSM-16025,apartment,2,1,125.0,16,garden,1,790000.0,YSM,Yasmin Suburb,Riyadh
195,2026-04-01,2366000.0,0.95,bank_financing,Saudi National Bank,Riyadh,NRJ0095,NRJ-095,townhouse,5,4,295.0,,park,2,2098000.0,NRJ,Narjis Oasis,Riyadh
1382,2026-04-01,1210000.0,2.98,bank_financing,Al Rajhi Bank,Madinah,AQQ0205,AQQ-205,townhouse,3,2,250.0,,park,2,1175000.0,AQQ,Wadi Al Aqiq,Madinah
963,2026-04-02,837000.0,1.88,bank_financing,Saudi National Bank,Dammam,YSM0154,YSM-11154,apartment,3,2,115.0,11,city,1,776000.0,YSM,Yasmin Suburb,Riyadh
964,2026-04-02,1082000.0,3.63,bank_financing,Bank AlBilad,Dammam,YSM0048,YSM-05048,apartment,3,2,165.0,5,park,2,1021000.0,YSM,Yasmin Suburb,Riyadh
194,2026-04-03,2425000.0,0.11,cash,,Riyadh,NRJ0132,NRJ-132,townhouse,5,4,320.0,,street,2,2132000.0,NRJ,Narjis Oasis,Riyadh
1201,2026-04-03,1953000.0,0.52,cash,,Al Khobar,KHM0107,KHM-13107,apartment,3,2,180.0,13,sea,2,1822000.0,KHM,Khobar Marina,Al Khobar
1376,2026-04-03,1393000.0,2.35,bank_financing,Al Rajhi Bank,Riyadh,AQQ0181,AQQ-181,townhouse,3,2,270.0,,city,2,1344000.0,AQQ,Wadi Al Aqiq,Madinah
1205,2026-04-04,4114000.0,6.03,bank_financing,Banque Saudi Fransi,Al Khobar,KHM0307,KHM-15307,duplex,5,5,360.0,15,sea,2,4063000.0,KHM,Khobar Marina,Al Khobar
196,2026-04-05,2432000.0,3.98,bank_financing,Banque Saudi Fransi,Riyadh,NRJ0225,NRJ-225,townhouse,5,4,310.0,,city,2,2225000.0,NRJ,Narjis Oasis,Riyadh
1377,2026-04-05,1248000.0,4.29,cash,,Dammam,AQQ0014,AQQ-014,townhouse,4,3,235.0,,street,2,1228000.0,AQQ,Wadi Al Aqiq,Madinah
1381,2026-04-05,2538000.0,2.55,bank_financing,Riyad Bank,Madinah,AQQ0190,AQQ-190,villa,5,5,440.0,,city,2,2453000.0,AQQ,Wadi Al Aqiq,Madinah
1198,2026-04-06,3883000.0,0.8,bank_financing,Al Rajhi Bank,Al Khobar,KHM0223,KHM-16223,duplex,4,4,350.0,16,city,2,3632000.0,KHM,Khobar Marina,Al Khobar
961,2026-04-07,1962000.0,1.53,cash,,Riyadh,YSM0260,YSM-260,townhouse,5,4,285.0,,garden,2,1812000.0,YSM,Yasmin Suburb,Riyadh
197,2026-04-08,4477000.0,1.35,cash,,Riyadh,NRJ0328,NRJ-328,villa,6,6,515.0,,park,2,3986000.0,NRJ,Narjis Oasis,Riyadh
960,2026-04-08,2093000.0,0.52,bank_financing,Bank AlBilad,Riyadh,YSM0465,YSM-465,townhouse,5,4,315.0,,street,2,1914000.0,YSM,Yasmin Suburb,Riyadh
965,2026-04-08,1663000.0,4.36,bank_financing,Banque Saudi Fransi,Riyadh,YSM0215,YSM-215,townhouse,3,2,225.0,,park,2,1582000.0,YSM,Yasmin Suburb,Riyadh
1202,2026-04-08,1426000.0,2.02,bank_financing,Saudi National Bank,Al Khobar,KHM0029,KHM-10029,apartment,3,2,130.0,10,sea,1,1350000.0,KHM,Khobar Marina,Al Khobar
1380,2026-04-10,1293000.0,3.1,bank_financing,Banque Saudi Fransi,Madinah,AQQ0268,AQQ-268,townhouse,3,2,230.0,,park,2,1257000.0,AQQ,Wadi Al Aqiq,Madinah
619,2026-04-12,1863000.0,1.56,bank_financing,Bank AlBilad,Jeddah,RWB0049,RWB-05049,duplex,4,4,285.0,5,garden,2,1621000.0,RWB,Al Rawabi District,Dammam
968,2026-04-12,867000.0,2.21,bank_financing,Banque Saudi Fransi,Riyadh,YSM0043,YSM-23043,apartment,3,2,120.0,23,city,1,806000.0,YSM,Yasmin Suburb,Riyadh
967,2026-04-13,2104000.0,0.0,bank_financing,Riyad Bank,Riyadh,YSM0270,YSM-270,townhouse,5,4,290.0,,park,2,1914000.0,YSM,Yasmin Suburb,Riyadh
1203,2026-04-13,2991000.0,2.52,bank_financing,Al Rajhi Bank,Al Khobar,KHM0033,KHM-05033,duplex,5,5,310.0,5,street,2,2847000.0,KHM,Khobar Marina,Al Khobar
958,2026-04-15,1171000.0,1.02,cash,,Riyadh,YSM0013,YSM-08013,apartment,4,3,165.0,8,street,2,1076000.0,YSM,Yasmin Suburb,Riyadh
1378,2026-04-15,1502000.0,3.47,cash,,Madinah,AQQ0168,AQQ-168,townhouse,5,4,290.0,,street,2,1466000.0,AQQ,Wadi Al Aqiq,Madinah
430,2026-04-16,3760000.0,2.43,bank_financing,Saudi National Bank,Jeddah,CST0099,CST-12099,duplex,4,4,280.0,12,city,2,3436000.0,CST,Coast Towers,Jeddah
429,2026-04-17,3760000.0,2.25,cash,,Riyadh,CST0379,CST-01379,duplex,4,4,285.0,1,park,2,3430000.0,CST,Coast Towers,Jeddah
959,2026-04-17,1793000.0,2.42,bank_financing,Bank AlBilad,Riyadh,YSM0055,YSM-055,townhouse,4,3,255.0,,street,2,1671000.0,YSM,Yasmin Suburb,Riyadh
1196,2026-04-17,1723000.0,0.22,cash,,Dammam,KHM0166,KHM-09166,apartment,3,2,190.0,9,street,2,1602000.0,KHM,Khobar Marina,Al Khobar
966,2026-04-18,1188000.0,0.0,cash,,Riyadh,YSM0078,YSM-07078,apartment,3,2,160.0,7,park,2,1081000.0,YSM,Yasmin Suburb,Riyadh
1197,2026-04-18,3612000.0,0.08,bank_financing,Riyad Bank,Jeddah,KHM0229,KHM-08229,duplex,5,5,330.0,8,garden,2,3354000.0,KHM,Khobar Marina,Al Khobar
1204,2026-04-18,1852000.0,1.81,cash,,Dammam,KHM0085,KHM-16085,apartment,4,3,195.0,16,street,2,1750000.0,KHM,Khobar Marina,Al Khobar
1383,2026-04-18,1491000.0,3.04,bank_financing,Banque Saudi Fransi,Riyadh,AQQ0063,AQQ-063,townhouse,5,4,300.0,,street,2,1448000.0,AQQ,Wadi Al Aqiq,Madinah
962,2026-04-19,1806000.0,1.11,cash,,Riyadh,YSM0469,YSM-469,townhouse,4,3,255.0,,street,2,1661000.0,YSM,Yasmin Suburb,Riyadh
1200,2026-04-19,914000.0,3.19,bank_financing,Al Rajhi Bank,Dammam,KHM0231,KHM-07231,apartment,2,1,105.0,7,street,1,876000.0,KHM,Khobar Marina,Al Khobar
1379,2026-04-19,1260000.0,3.1,bank_financing,Banque Saudi Fransi,Madinah,AQQ0131,AQQ-131,townhouse,4,3,250.0,,park,2,1225000.0,AQQ,Wadi Al Aqiq,Madinah
618,2026-04-20,2020000.0,4.23,cash,,Dammam,RWB0243,RWB-04243,duplex,5,5,355.0,4,street,2,1807000.0,RWB,Al Rawabi District,Dammam
431,2026-04-21,4124000.0,2.48,bank_financing,Saudi National Bank,Jeddah,CST0340,CST-08340,duplex,5,5,310.0,8,city,2,3770000.0,CST,Coast Towers,Jeddah
433,2026-04-21,2194000.0,1.54,bank_financing,Banque Saudi Fransi,Jeddah,CST0327,CST-17327,apartment,4,3,180.0,17,garden,2,1987000.0,CST,Coast Towers,Jeddah
1199,2026-04-23,2075000.0,1.8,bank_financing,Saudi National Bank,Riyadh,KHM0027,KHM-19027,apartment,4,3,210.0,19,garden,2,1961000.0,KHM,Khobar Marina,Al Khobar
432,2026-04-24,5082000.0,1.17,bank_financing,Banque Saudi Fransi,Jeddah,CST0136,CST-05136,duplex,4,4,355.0,5,sea,2,4585000.0,CST,Coast Towers,Jeddah
957,2026-04-24,614000.0,5.49,bank_financing,Saudi National Bank,Jeddah,YSM0415,YSM-14415,apartment,3,2,95.0,14,park,1,591000.0,YSM,Yasmin Suburb,Riyadh
198,2026-04-25,2672000.0,0.64,bank_financing,Riyad Bank,Riyadh,NRJ0173,NRJ-173,townhouse,5,4,320.0,,park,2,2362000.0,NRJ,Narjis Oasis,Riyadh
620,2026-04-26,2619000.0,4.26,bank_financing,Riyad Bank,Dammam,RWB0094,RWB-094,villa,4,4,420.0,,city,2,2344000.0,RWB,Al Rawabi District,Dammam
1215,2026-05-01,3269000.0,0.4,bank_financing,Riyad Bank,Riyadh,KHM0044,KHM-08044,duplex,5,5,310.0,8,garden,2,3030000.0,KHM,Khobar Marina,Al Khobar
972,2026-05-03,1739000.0,0.0,bank_financing,Banque Saudi Fransi,Riyadh,YSM0471,YSM-471,townhouse,4,3,225.0,,park,2,1574000.0,YSM,Yasmin Suburb,Riyadh
1207,2026-05-03,3980000.0,0.93,cash,,Al Khobar,KHM0226,KHM-24226,duplex,5,5,345.0,24,street,2,3709000.0,KHM,Khobar Marina,Al Khobar
1210,2026-05-03,1907000.0,3.67,cash,,Al Khobar,KHM0176,KHM-15176,apartment,3,2,205.0,15,garden,2,1828000.0,KHM,Khobar Marina,Al Khobar
1211,2026-05-03,1030000.0,3.3,bank_financing,Bank AlBilad,Jeddah,KHM0214,KHM-03214,apartment,2,1,110.0,3,park,1,983000.0,KHM,Khobar Marina,Al Khobar
1387,2026-05-04,1755000.0,2.99,bank_financing,Riyad Bank,Madinah,AQQ0019,AQQ-019,villa,4,4,320.0,,street,2,1696000.0,AQQ,Wadi Al Aqiq,Madinah
437,2026-05-05,4121000.0,4.06,bank_financing,Riyad Bank,Jeddah,CST0011,CST-07011,duplex,5,5,330.0,7,street,2,3811000.0,CST,Coast Towers,Jeddah
621,2026-05-05,3195000.0,1.35,bank_financing,Saudi National Bank,Jeddah,RWB0169,RWB-169,villa,6,6,485.0,,street,2,2761000.0,RWB,Al Rawabi District,Dammam
623,2026-05-05,2180000.0,0.0,bank_financing,Al Rajhi Bank,Dammam,RWB0090,RWB-090,villa,4,4,350.0,,street,2,1858000.0,RWB,Al Rawabi District,Dammam
974,2026-05-06,1119000.0,1.08,cash,,Jeddah,YSM0408,YSM-08408,apartment,3,2,160.0,8,garden,2,1024000.0,YSM,Yasmin Suburb,Riyadh
201,2026-05-09,1808000.0,1.83,bank_financing,Al Rajhi Bank,Riyadh,NRJ0162,NRJ-162,townhouse,3,2,225.0,,garden,2,1610000.0,NRJ,Narjis Oasis,Riyadh
435,2026-05-09,3635000.0,1.2,bank_financing,Saudi National Bank,Jeddah,CST0241,CST-07241,duplex,4,4,275.0,7,street,2,3264000.0,CST,Coast Towers,Jeddah
969,2026-05-09,1562000.0,3.35,bank_financing,Saudi National Bank,Riyadh,YSM0473,YSM-473,townhouse,3,2,225.0,,street,2,1463000.0,YSM,Yasmin Suburb,Riyadh
1212,2026-05-09,1242000.0,1.33,cash,,Dammam,KHM0199,KHM-20199,apartment,2,1,115.0,20,sea,1,1162000.0,KHM,Khobar Marina,Al Khobar
1206,2026-05-11,1822000.0,1.25,cash,,Al Khobar,KHM0191,KHM-10191,apartment,4,3,200.0,10,garden,2,1704000.0,KHM,Khobar Marina,Al Khobar
1209,2026-05-11,2837000.0,2.91,bank_financing,Bank AlBilad,Riyadh,KHM0051,KHM-05051,duplex,4,4,275.0,5,city,2,2698000.0,KHM,Khobar Marina,Al Khobar
202,2026-05-12,1820000.0,4.07,bank_financing,Al Rajhi Bank,Riyadh,NRJ0017,NRJ-017,townhouse,3,2,245.0,,street,2,1658000.0,NRJ,Narjis Oasis,Riyadh
1385,2026-05-12,2678000.0,3.05,bank_financing,Bank AlBilad,Madinah,AQQ0026,AQQ-026,villa,6,6,485.0,,garden,2,2589000.0,AQQ,Wadi Al Aqiq,Madinah
1213,2026-05-13,1130000.0,2.47,cash,,Riyadh,KHM0271,KHM-19271,apartment,3,2,105.0,19,park,1,1070000.0,KHM,Khobar Marina,Al Khobar
434,2026-05-14,4607000.0,2.57,cash,,Jeddah,CST0262,CST-13262,duplex,5,5,340.0,13,park,2,4195000.0,CST,Coast Towers,Jeddah
436,2026-05-14,3678000.0,0.51,cash,,Jeddah,CST0387,CST-11387,duplex,4,4,250.0,11,garden,2,3280000.0,CST,Coast Towers,Jeddah
441,2026-05-14,3582000.0,3.72,bank_financing,Saudi National Bank,Jeddah,CST0322,CST-18322,duplex,4,4,245.0,18,sea,2,3301000.0,CST,Coast Towers,Jeddah
976,2026-05-14,1612000.0,3.91,cash,,Riyadh,YSM0277,YSM-277,townhouse,4,3,230.0,,city,2,1518000.0,YSM,Yasmin Suburb,Riyadh
1214,2026-05-14,1753000.0,1.89,bank_financing,Riyad Bank,Riyadh,KHM0175,KHM-03175,apartment,4,3,180.0,3,sea,2,1650000.0,KHM,Khobar Marina,Al Khobar
973,2026-05-15,2320000.0,0.82,bank_financing,Riyad Bank,Riyadh,YSM0091,YSM-091,townhouse,4,3,320.0,,street,2,2117000.0,YSM,Yasmin Suburb,Riyadh
1388,2026-05-15,1169000.0,0.7,cash,,Madinah,AQQ0073,AQQ-073,townhouse,3,2,225.0,,garden,2,1103000.0,AQQ,Wadi Al Aqiq,Madinah
1393,2026-05-15,2088000.0,2.43,bank_financing,Al Rajhi Bank,Jeddah,AQQ0238,AQQ-238,villa,4,4,330.0,,park,2,2006000.0,AQQ,Wadi Al Aqiq,Madinah
975,2026-05-16,2218000.0,0.29,cash,,Riyadh,YSM0341,YSM-341,townhouse,5,4,295.0,,city,2,2013000.0,YSM,Yasmin Suburb,Riyadh
978,2026-05-16,1905000.0,0.0,bank_financing,Al Rajhi Bank,Dammam,YSM0268,YSM-268,townhouse,5,4,245.0,,city,2,1724000.0,YSM,Yasmin Suburb,Riyadh
199,2026-05-17,4235000.0,3.14,bank_financing,Banque Saudi Fransi,Riyadh,NRJ0334,NRJ-334,villa,5,5,470.0,,street,2,3822000.0,NRJ,Narjis Oasis,Riyadh
440,2026-05-17,1432000.0,1.08,cash,,Dammam,CST0283,CST-14283,apartment,3,2,115.0,14,city,1,1284000.0,CST,Coast Towers,Jeddah
979,2026-05-18,1333000.0,0.7,bank_financing,Riyad Bank,Riyadh,YSM0356,YSM-23356,apartment,4,3,180.0,23,park,2,1215000.0,YSM,Yasmin Suburb,Riyadh
439,2026-05-19,3837000.0,2.99,bank_financing,Saudi National Bank,Riyadh,CST0260,CST-21260,duplex,4,4,275.0,21,garden,2,3509000.0,CST,Coast Towers,Jeddah
977,2026-05-19,678000.0,2.97,bank_financing,Saudi National Bank,Riyadh,YSM0134,YSM-09134,apartment,2,1,100.0,9,city,1,632000.0,YSM,Yasmin Suburb,Riyadh
438,2026-05-20,1520000.0,1.47,cash,,Jeddah,CST0218,CST-15218,apartment,3,2,115.0,15,park,1,1369000.0,CST,Coast Towers,Jeddah
970,2026-05-20,1786000.0,1.73,bank_financing,Banque Saudi Fransi,Jeddah,YSM0382,YSM-382,townhouse,3,2,245.0,,garden,2,1645000.0,YSM,Yasmin Suburb,Riyadh
1386,2026-05-20,1715000.0,0.0,cash,,Dammam,AQQ0209,AQQ-209,townhouse,4,3,290.0,,park,2,1607000.0,AQQ,Wadi Al Aqiq,Madinah
1390,2026-05-21,1251000.0,2.0,bank_financing,Banque Saudi Fransi,Dammam,AQQ0090,AQQ-090,townhouse,3,2,250.0,,city,2,1196000.0,AQQ,Wadi Al Aqiq,Madinah
622,2026-05-22,3034000.0,2.85,bank_financing,Saudi National Bank,Jeddah,RWB0171,RWB-171,villa,6,6,515.0,,street,2,2662000.0,RWB,Al Rawabi District,Dammam
971,2026-05-22,2089000.0,0.8,bank_financing,Banque Saudi Fransi,Riyadh,YSM0472,YSM-472,townhouse,5,4,290.0,,city,2,1906000.0,YSM,Yasmin Suburb,Riyadh
1384,2026-05-22,2063000.0,0.44,bank_financing,Banque Saudi Fransi,Madinah,AQQ0018,AQQ-018,villa,4,4,350.0,,garden,2,1942000.0,AQQ,Wadi Al Aqiq,Madinah
980,2026-05-23,1648000.0,1.28,cash,,Riyadh,YSM0477,YSM-477,townhouse,3,2,225.0,,park,2,1511000.0,YSM,Yasmin Suburb,Riyadh
203,2026-05-24,2011000.0,3.22,bank_financing,Saudi National Bank,Riyadh,NRJ0113,NRJ-113,townhouse,4,3,250.0,,garden,2,1816000.0,NRJ,Narjis Oasis,Riyadh
1208,2026-05-24,2855000.0,4.09,cash,,Al Khobar,KHM0037,KHM-23037,duplex,5,5,270.0,23,city,2,2748000.0,KHM,Khobar Marina,Al Khobar
1391,2026-05-25,1437000.0,1.56,bank_financing,Banque Saudi Fransi,Dammam,AQQ0012,AQQ-012,townhouse,5,4,280.0,,city,2,1368000.0,AQQ,Wadi Al Aqiq,Madinah
200,2026-05-26,3930000.0,0.68,cash,,Riyadh,NRJ0026,NRJ-026,villa,5,5,435.0,,park,2,3458000.0,NRJ,Narjis Oasis,Riyadh
1389,2026-05-26,1403000.0,5.33,bank_financing,Saudi National Bank,Dammam,AQQ0102,AQQ-102,townhouse,4,3,280.0,,city,2,1389000.0,AQQ,Wadi Al Aqiq,Madinah
1392,2026-05-26,1336000.0,1.33,bank_financing,Banque Saudi Fransi,Madinah,AQQ0166,AQQ-166,townhouse,4,3,255.0,,garden,2,1269000.0,AQQ,Wadi Al Aqiq,Madinah
205,2026-06-03,2979000.0,0.0,bank_financing,Banque Saudi Fransi,Riyadh,NRJ0262,NRJ-262,villa,4,4,345.0,,street,2,2591000.0,NRJ,Narjis Oasis,Riyadh
987,2026-06-04,2046000.0,4.29,bank_financing,Banque Saudi Fransi,Riyadh,YSM0170,YSM-170,townhouse,4,3,290.0,,street,2,1925000.0,YSM,Yasmin Suburb,Riyadh
1395,2026-06-04,2525000.0,3.65,cash,,Madinah,AQQ0093,AQQ-093,villa,5,5,450.0,,street,2,2444000.0,AQQ,Wadi Al Aqiq,Madinah
625,2026-06-05,1611000.0,2.28,bank_financing,Al Rajhi Bank,Dammam,RWB0037,RWB-10037,duplex,5,5,280.0,10,street,2,1398000.0,RWB,Al Rawabi District,Dammam
204,2026-06-09,1896000.0,0.86,bank_financing,Saudi National Bank,Riyadh,NRJ0145,NRJ-145,townhouse,3,2,250.0,,street,2,1663000.0,NRJ,Narjis Oasis,Riyadh
986,2026-06-10,1165000.0,2.29,bank_financing,Riyad Bank,Riyadh,YSM0140,YSM-10140,apartment,3,2,155.0,10,city,2,1074000.0,YSM,Yasmin Suburb,Riyadh
1219,2026-06-10,1593000.0,1.9,bank_financing,Saudi National Bank,Jeddah,KHM0009,KHM-13009,apartment,3,2,170.0,13,street,2,1492000.0,KHM,Khobar Marina,Al Khobar
981,2026-06-12,1246000.0,3.92,bank_financing,Riyad Bank,Riyadh,YSM0093,YSM-05093,apartment,3,2,175.0,5,city,2,1168000.0,YSM,Yasmin Suburb,Riyadh
443,2026-06-13,3653000.0,2.25,cash,,Jeddah,CST0155,CST-08155,duplex,4,4,280.0,8,garden,2,3299000.0,CST,Coast Towers,Jeddah
1398,2026-06-13,1405000.0,2.63,bank_financing,Banque Saudi Fransi,Jeddah,AQQ0037,AQQ-037,townhouse,4,3,265.0,,city,2,1346000.0,AQQ,Wadi Al Aqiq,Madinah
982,2026-06-14,1423000.0,1.97,bank_financing,Bank AlBilad,Riyadh,YSM0413,YSM-15413,apartment,3,2,200.0,15,city,2,1307000.0,YSM,Yasmin Suburb,Riyadh
985,2026-06-14,1181000.0,5.83,bank_financing,Saudi National Bank,Riyadh,YSM0221,YSM-15221,apartment,3,2,170.0,15,park,2,1129000.0,YSM,Yasmin Suburb,Riyadh
1221,2026-06-15,1114000.0,5.28,cash,,Al Khobar,KHM0299,KHM-23299,apartment,3,2,120.0,23,city,1,1081000.0,KHM,Khobar Marina,Al Khobar
446,2026-06-17,1244000.0,2.71,bank_financing,Bank AlBilad,Jeddah,CST0351,CST-06351,apartment,2,1,100.0,6,park,1,1129000.0,CST,Coast Towers,Jeddah
1218,2026-06-17,3227000.0,0.0,bank_financing,Riyad Bank,Jeddah,KHM0207,KHM-10207,duplex,4,4,290.0,10,park,2,2965000.0,KHM,Khobar Marina,Al Khobar
1216,2026-06-18,1493000.0,3.14,bank_financing,Banque Saudi Fransi,Al Khobar,KHM0246,KHM-02246,apartment,3,2,150.0,2,city,2,1416000.0,KHM,Khobar Marina,Al Khobar
206,2026-06-19,4267000.0,2.83,bank_financing,Saudi National Bank,Riyadh,NRJ0263,NRJ-263,villa,5,5,515.0,,garden,2,3819000.0,NRJ,Narjis Oasis,Riyadh
983,2026-06-19,1188000.0,1.56,cash,,Riyadh,YSM0407,YSM-03407,apartment,3,2,170.0,3,street,2,1087000.0,YSM,Yasmin Suburb,Riyadh
984,2026-06-19,1120000.0,0.0,bank_financing,Al Rajhi Bank,Riyadh,YSM0419,YSM-17419,apartment,4,3,155.0,17,park,2,1009000.0,YSM,Yasmin Suburb,Riyadh
1394,2026-06-19,2110000.0,2.16,bank_financing,Banque Saudi Fransi,Riyadh,AQQ0188,AQQ-188,villa,5,5,395.0,,street,2,2011000.0,AQQ,Wadi Al Aqiq,Madinah
444,2026-06-20,2293000.0,2.57,cash,,Dammam,CST0202,CST-13202,apartment,4,3,205.0,13,street,2,2078000.0,CST,Coast Towers,Jeddah
624,2026-06-21,1730000.0,0.05,bank_financing,Saudi National Bank,Dammam,RWB0166,RWB-01166,duplex,5,5,295.0,1,park,2,1468000.0,RWB,Al Rawabi District,Dammam
445,2026-06-24,3518000.0,1.64,bank_financing,Riyad Bank,Jeddah,CST0404,CST-19404,duplex,5,5,265.0,19,park,2,3157000.0,CST,Coast Towers,Jeddah
1220,2026-06-24,3620000.0,2.49,cash,,Dammam,KHM0112,KHM-03112,duplex,5,5,345.0,3,city,2,3411000.0,KHM,Khobar Marina,Al Khobar
1397,2026-06-24,1357000.0,1.81,bank_financing,Banque Saudi Fransi,Madinah,AQQ0248,AQQ-248,townhouse,3,2,245.0,,park,2,1289000.0,AQQ,Wadi Al Aqiq,Madinah
1217,2026-06-25,1927000.0,0.91,bank_financing,Banque Saudi Fransi,Al Khobar,KHM0247,KHM-05247,apartment,4,3,185.0,5,sea,2,1787000.0,KHM,Khobar Marina,Al Khobar
442,2026-06-26,4394000.0,2.34,bank_financing,Saudi National Bank,Jeddah,CST0168,CST-22168,duplex,4,4,310.0,22,street,2,3972000.0,CST,Coast Towers,Jeddah
1396,2026-06-26,1415000.0,2.62,bank_financing,Riyad Bank,Madinah,AQQ0185,AQQ-185,townhouse,5,4,275.0,,city,2,1355000.0,AQQ,Wadi Al Aqiq,Madinah
988,2026-06-27,1512000.0,1.72,bank_financing,Riyad Bank,Riyadh,YSM0238,YSM-14238,apartment,4,3,205.0,14,city,2,1385000.0,YSM,Yasmin Suburb,Riyadh
993,2026-07-02,1700000.0,0.0,bank_financing,Riyad Bank,Jeddah,YSM0051,YSM-051,townhouse,3,2,250.0,,street,2,1523000.0,YSM,Yasmin Suburb,Riyadh
1400,2026-07-02,2853000.0,2.99,bank_financing,Banque Saudi Fransi,Madinah,AQQ0178,AQQ-178,villa,5,5,450.0,,garden,2,2729000.0,AQQ,Wadi Al Aqiq,Madinah
450,2026-07-06,1274000.0,2.06,bank_financing,Al Rajhi Bank,Riyadh,CST0119,CST-04119,apartment,3,2,105.0,4,garden,1,1143000.0,CST,Coast Towers,Jeddah
1399,2026-07-07,2917000.0,0.93,bank_financing,Saudi National Bank,Madinah,AQQ0022,AQQ-022,villa,5,5,475.0,,garden,2,2732000.0,AQQ,Wadi Al Aqiq,Madinah
1404,2026-07-07,1606000.0,0.0,bank_financing,Bank AlBilad,Madinah,AQQ0177,AQQ-177,townhouse,4,3,300.0,,garden,2,1490000.0,AQQ,Wadi Al Aqiq,Madinah
448,2026-07-08,3206000.0,0.0,bank_financing,Banque Saudi Fransi,Riyadh,CST0253,CST-01253,duplex,4,4,245.0,1,park,2,2816000.0,CST,Coast Towers,Jeddah
990,2026-07-08,1145000.0,2.5,bank_financing,Saudi National Bank,Riyadh,YSM0242,YSM-15242,apartment,3,2,165.0,15,park,2,1052000.0,YSM,Yasmin Suburb,Riyadh
994,2026-07-08,2124000.0,3.61,cash,,Riyadh,YSM0324,YSM-324,townhouse,4,3,290.0,,city,2,1975000.0,YSM,Yasmin Suburb,Riyadh
449,2026-07-09,4163000.0,0.0,bank_financing,Al Rajhi Bank,Jeddah,CST0010,CST-06010,duplex,5,5,295.0,6,garden,2,3657000.0,CST,Coast Towers,Jeddah
1222,2026-07-10,1291000.0,0.0,bank_financing,Banque Saudi Fransi,Jeddah,KHM0043,KHM-19043,apartment,2,1,125.0,19,city,1,1180000.0,KHM,Khobar Marina,Al Khobar
991,2026-07-12,1380000.0,0.0,bank_financing,Bank AlBilad,Riyadh,YSM0177,YSM-23177,apartment,3,2,185.0,23,park,2,1237000.0,YSM,Yasmin Suburb,Riyadh
209,2026-07-13,2123000.0,4.56,bank_financing,Al Rajhi Bank,Riyadh,NRJ0272,NRJ-272,townhouse,5,4,290.0,,garden,2,1925000.0,NRJ,Narjis Oasis,Riyadh
211,2026-07-13,2148000.0,2.83,bank_financing,Bank AlBilad,Riyadh,NRJ0186,NRJ-186,townhouse,4,3,270.0,,garden,2,1913000.0,NRJ,Narjis Oasis,Riyadh
1227,2026-07-13,1670000.0,0.61,cash,,Al Khobar,KHM0143,KHM-03143,apartment,4,3,175.0,3,park,2,1536000.0,KHM,Khobar Marina,Al Khobar
447,2026-07-15,3693000.0,2.03,bank_financing,Riyad Bank,Jeddah,CST0365,CST-14365,duplex,4,4,285.0,14,street,2,3311000.0,CST,Coast Towers,Jeddah
1405,2026-07-16,2243000.0,0.87,bank_financing,Banque Saudi Fransi,Dammam,AQQ0084,AQQ-084,villa,5,5,360.0,,garden,2,2100000.0,AQQ,Wadi Al Aqiq,Madinah
989,2026-07-17,1106000.0,1.58,bank_financing,Al Rajhi Bank,Riyadh,YSM0311,YSM-14311,apartment,4,3,155.0,14,street,2,1007000.0,YSM,Yasmin Suburb,Riyadh
1225,2026-07-17,4162000.0,1.79,cash,,Riyadh,KHM0187,KHM-10187,duplex,4,4,325.0,10,sea,2,3874000.0,KHM,Khobar Marina,Al Khobar
1226,2026-07-17,2814000.0,2.78,bank_financing,Bank AlBilad,Al Khobar,KHM0264,KHM-11264,duplex,4,4,270.0,11,garden,2,2646000.0,KHM,Khobar Marina,Al Khobar
1401,2026-07-17,1240000.0,2.58,bank_financing,Al Rajhi Bank,Madinah,AQQ0275,AQQ-275,townhouse,4,3,245.0,,city,2,1181000.0,AQQ,Wadi Al Aqiq,Madinah
996,2026-07-18,1207000.0,2.41,bank_financing,Bank AlBilad,Riyadh,YSM0090,YSM-11090,apartment,3,2,175.0,11,city,2,1108000.0,YSM,Yasmin Suburb,Riyadh
626,2026-07-20,2206000.0,1.58,bank_financing,Bank AlBilad,Dammam,RWB0078,RWB-078,villa,5,5,340.0,,garden,2,1892000.0,RWB,Al Rawabi District,Dammam
1406,2026-07-20,1370000.0,4.03,cash,,Madinah,AQQ0074,AQQ-074,townhouse,4,3,260.0,,city,2,1325000.0,AQQ,Wadi Al Aqiq,Madinah
208,2026-07-21,4246000.0,2.54,bank_financing,Saudi National Bank,Riyadh,NRJ0127,NRJ-127,villa,5,5,500.0,,park,2,3770000.0,NRJ,Narjis Oasis,Riyadh
1223,2026-07-21,1467000.0,0.89,bank_financing,Al Rajhi Bank,Jeddah,KHM0002,KHM-15002,apartment,4,3,155.0,15,street,2,1353000.0,KHM,Khobar Marina,Al Khobar
1224,2026-07-22,3582000.0,3.72,cash,,Al Khobar,KHM0215,KHM-08215,duplex,5,5,350.0,8,street,2,3401000.0,KHM,Khobar Marina,Al Khobar
1402,2026-07-22,1554000.0,1.44,cash,,Madinah,AQQ0118,AQQ-118,townhouse,4,3,280.0,,garden,2,1463000.0,AQQ,Wadi Al Aqiq,Madinah
1403,2026-07-22,2132000.0,2.2,bank_financing,Banque Saudi Fransi,Madinah,AQQ0110,AQQ-110,villa,5,5,360.0,,park,2,2023000.0,AQQ,Wadi Al Aqiq,Madinah
995,2026-07-23,2439000.0,3.42,bank_financing,Bank AlBilad,Riyadh,YSM0096,YSM-096,townhouse,4,3,305.0,,park,2,2263000.0,YSM,Yasmin Suburb,Riyadh
207,2026-07-24,4151000.0,3.83,bank_financing,Al Rajhi Bank,Riyadh,NRJ0277,NRJ-277,villa,6,6,470.0,,city,2,3735000.0,NRJ,Narjis Oasis,Riyadh
627,2026-07-25,1755000.0,1.19,bank_financing,Saudi National Bank,Dammam,RWB0249,RWB-08249,duplex,4,4,305.0,8,street,2,1499000.0,RWB,Al Rawabi District,Dammam
210,2026-07-27,2277000.0,2.19,bank_financing,Banque Saudi Fransi,Jeddah,NRJ0040,NRJ-040,townhouse,3,2,265.0,,park,2,2014000.0,NRJ,Narjis Oasis,Riyadh
992,2026-07-27,2299000.0,1.84,bank_financing,Saudi National Bank,Jeddah,YSM0214,YSM-214,townhouse,4,3,305.0,,city,2,2099000.0,YSM,Yasmin Suburb,Riyadh
628,2026-08-01,3319000.0,1.13,bank_financing,Al Rajhi Bank,Dammam,RWB0177,RWB-177,villa,5,5,480.0,,park,2,2819000.0,RWB,Al Rawabi District,Dammam
1005,2026-08-01,1902000.0,2.06,bank_financing,Banque Saudi Fransi,Jeddah,YSM0024,YSM-024,townhouse,4,3,265.0,,street,2,1732000.0,YSM,Yasmin Suburb,Riyadh
1234,2026-08-01,1735000.0,3.59,bank_financing,Saudi National Bank,Al Khobar,KHM0012,KHM-18012,apartment,4,3,155.0,18,sea,2,1637000.0,KHM,Khobar Marina,Al Khobar
1000,2026-08-02,1195000.0,2.24,bank_financing,Al Rajhi Bank,Riyadh,YSM0203,YSM-01203,apartment,3,2,165.0,1,park,2,1090000.0,YSM,Yasmin Suburb,Riyadh
1004,2026-08-02,1974000.0,0.0,cash,,Riyadh,YSM0357,YSM-357,townhouse,3,2,250.0,,park,2,1760000.0,YSM,Yasmin Suburb,Riyadh
1409,2026-08-02,1565000.0,5.95,bank_financing,Riyad Bank,Riyadh,AQQ0086,AQQ-086,townhouse,5,4,310.0,,garden,2,1536000.0,AQQ,Wadi Al Aqiq,Madinah
1411,2026-08-03,1749000.0,1.21,bank_financing,Bank AlBilad,Madinah,AQQ0167,AQQ-167,townhouse,4,3,300.0,,city,2,1635000.0,AQQ,Wadi Al Aqiq,Madinah
451,2026-08-04,4319000.0,2.68,bank_financing,Al Rajhi Bank,Jeddah,CST0298,CST-17298,duplex,5,5,315.0,17,garden,2,3879000.0,CST,Coast Towers,Jeddah
1228,2026-08-04,2462000.0,4.2,cash,,Al Khobar,KHM0094,KHM-16094,duplex,4,4,240.0,16,city,2,2338000.0,KHM,Khobar Marina,Al Khobar
214,2026-08-06,2223000.0,1.89,bank_financing,Bank AlBilad,Riyadh,NRJ0235,NRJ-235,townhouse,5,4,290.0,,street,2,1951000.0,NRJ,Narjis Oasis,Riyadh
215,2026-08-06,2595000.0,3.72,bank_financing,Al Rajhi Bank,Dammam,NRJ0239,NRJ-239,townhouse,4,3,295.0,,park,2,2321000.0,NRJ,Narjis Oasis,Riyadh
453,2026-08-08,1809000.0,2.98,bank_financing,Riyad Bank,Jeddah,CST0040,CST-11040,apartment,3,2,155.0,11,park,2,1630000.0,CST,Coast Towers,Jeddah
455,2026-08-08,3812000.0,2.58,cash,,Jeddah,CST0031,CST-21031,duplex,4,4,260.0,21,sea,2,3420000.0,CST,Coast Towers,Jeddah
1412,2026-08-08,1298000.0,0.55,bank_financing,Saudi National Bank,Madinah,AQQ0225,AQQ-225,townhouse,3,2,225.0,,city,2,1205000.0,AQQ,Wadi Al Aqiq,Madinah
997,2026-08-09,1627000.0,0.98,cash,,Riyadh,YSM0334,YSM-334,townhouse,3,2,220.0,,city,2,1465000.0,YSM,Yasmin Suburb,Riyadh
1233,2026-08-09,1356000.0,2.22,bank_financing,Riyad Bank,Al Khobar,KHM0250,KHM-11250,apartment,3,2,135.0,11,city,1,1261000.0,KHM,Khobar Marina,Al Khobar
629,2026-08-10,2927000.0,1.94,bank_financing,Saudi National Bank,Dammam,RWB0045,RWB-045,villa,6,6,490.0,,street,2,2507000.0,RWB,Al Rawabi District,Dammam
213,2026-08-11,3210000.0,0.0,bank_financing,Al Rajhi Bank,Jeddah,NRJ0270,NRJ-270,villa,4,4,355.0,,street,2,2764000.0,NRJ,Narjis Oasis,Riyadh
1001,2026-08-12,762000.0,1.7,bank_financing,Saudi National Bank,Riyadh,YSM0379,YSM-19379,apartment,4,3,105.0,19,city,1,691000.0,YSM,Yasmin Suburb,Riyadh
452,2026-08-15,1867000.0,3.15,bank_financing,Banque Saudi Fransi,Dammam,CST0198,CST-10198,apartment,3,2,140.0,10,sea,1,1685000.0,CST,Coast Towers,Jeddah
1002,2026-08-15,1313000.0,1.53,cash,,Riyadh,YSM0410,YSM-24410,apartment,3,2,170.0,24,park,2,1189000.0,YSM,Yasmin Suburb,Riyadh
1003,2026-08-15,1094000.0,4.47,bank_financing,Saudi National Bank,Dammam,YSM0115,YSM-13115,apartment,2,1,155.0,13,street,2,1021000.0,YSM,Yasmin Suburb,Riyadh
1231,2026-08-15,3314000.0,2.48,bank_financing,Banque Saudi Fransi,Al Khobar,KHM0054,KHM-18054,duplex,4,4,300.0,18,garden,2,3091000.0,KHM,Khobar Marina,Al Khobar
1230,2026-08-16,1557000.0,3.04,bank_financing,Al Rajhi Bank,Dammam,KHM0236,KHM-20236,apartment,3,2,160.0,20,garden,2,1461000.0,KHM,Khobar Marina,Al Khobar
212,2026-08-19,4017000.0,4.67,bank_financing,Al Rajhi Bank,Dammam,NRJ0279,NRJ-279,villa,5,5,480.0,,park,2,3628000.0,NRJ,Narjis Oasis,Riyadh
1236,2026-08-19,1394000.0,0.89,bank_financing,Riyad Bank,Al Khobar,KHM0066,KHM-23066,apartment,3,2,145.0,23,street,1,1279000.0,KHM,Khobar Marina,Al Khobar
1407,2026-08-19,1723000.0,0.0,bank_financing,Saudi National Bank,Madinah,AQQ0173,AQQ-173,townhouse,5,4,315.0,,city,2,1591000.0,AQQ,Wadi Al Aqiq,Madinah
454,2026-08-20,5048000.0,0.0,bank_financing,Bank AlBilad,Jeddah,CST0127,CST-12127,duplex,4,4,335.0,12,sea,2,4412000.0,CST,Coast Towers,Jeddah
998,2026-08-20,2197000.0,2.01,cash,,Jeddah,YSM0137,YSM-137,townhouse,4,3,290.0,,city,2,1999000.0,YSM,Yasmin Suburb,Riyadh
999,2026-08-21,1127000.0,2.18,bank_financing,Bank AlBilad,Dammam,YSM0381,YSM-13381,apartment,4,3,170.0,13,street,2,1027000.0,YSM,Yasmin Suburb,Riyadh
1235,2026-08-21,2975000.0,1.94,bank_financing,Bank AlBilad,Riyadh,KHM0303,KHM-17303,duplex,4,4,255.0,17,garden,2,2759000.0,KHM,Khobar Marina,Al Khobar
1232,2026-08-25,1770000.0,2.2,bank_financing,Bank AlBilad,Jeddah,KHM0081,KHM-17081,apartment,4,3,200.0,17,street,2,1646000.0,KHM,Khobar Marina,Al Khobar
1410,2026-08-25,1681000.0,0.63,cash,,Dammam,AQQ0246,AQQ-246,townhouse,5,4,315.0,,garden,2,1562000.0,AQQ,Wadi Al Aqiq,Madinah
1229,2026-08-26,3369000.0,2.59,bank_financing,Bank AlBilad,Dammam,KHM0092,KHM-15092,duplex,4,4,300.0,15,street,2,3146000.0,KHM,Khobar Marina,Al Khobar
1408,2026-08-26,1099000.0,4.63,bank_financing,Saudi National Bank,Dammam,AQQ0004,AQQ-004,townhouse,3,2,225.0,,street,2,1064000.0,AQQ,Wadi Al Aqiq,Madinah
